1005009005,健康运动、户外|运动鞋|足球鞋,耐克 男式刺客系列胶质短钉草地足球鞋 509131-146Nike 509131-146,当当网 > 运动户外 > 运动鞋 > 篮球鞋,当当网,耐克
1005009005,健康运动、户外|运动鞋|足球鞋,欧洲杯 李宁LI-NING中性碎钉足球鞋-ASTF031-2 黑色 44,服饰内衣>运动>足球鞋>李宁（LI-NING）>欧洲杯 李宁LI-NING中性碎钉足球鞋...,京东商城,云聚运动专营店
1005009005,健康运动、户外|运动鞋|足球鞋,adidas阿迪达斯2013春季新款男子足球鞋Q23804 黑色 39,服饰内衣>运动>足球鞋>阿迪达斯（Adidas）>adidas阿迪达斯2013春季新款男子...,京东商城,西街运动专营店
1005009005,健康运动、户外|运动鞋|足球鞋,Adidas/阿迪达斯 P Absolado TRX HG 男鞋/足球鞋 V23565 |Z,所有分类>运动户外>运动鞋>足球鞋>Adidas/阿迪达斯>Adidas/阿迪达...,1号店,Adidas/阿迪达斯
1005009005,健康运动、户外|运动鞋|足球鞋,回力Warrior 专业足球训练鞋3003/5021/3006运动男鞋碎钉漆皮足球鞋 5021紫色 41,服饰内衣>运动>足球鞋>回力（Warrior）>回力Warrior 专业足球训练鞋300...,京东商城,回力运动专营店
1005009005,健康运动、户外|运动鞋|足球鞋,名鞋库 5Z 耐克NIKE 男鞋 足球鞋 453959-117莹白+金色+电黄 40.5,运动户外>足球鞋>耐克>名鞋库 5Z 耐克NIKE 男鞋 足球鞋 453959-117莹白+金色+电黄 40.5,国美电器网上商城,名鞋库运动旗舰店
1005009005,健康运动、户外|运动鞋|足球鞋,耐克Nike男鞋 2012新款欧冠传奇4代男子足球鞋509089-105 509089-105 40,服饰鞋帽>运动>足球鞋>耐克Nike男鞋 2012新款欧冠传奇4...,京东商城,型尚网
1005009005,健康运动、户外|运动鞋|足球鞋,adidas阿迪达斯2012新款男子 Predito IN Synthetic (ucl)猎鹰系列足球鞋V23619 白色 44,adidas阿迪达斯>adidas阿迪达斯2012新款男子 P...,京东商城,优购旗舰店
1005009005,健康运动、户外|运动鞋|足球鞋,李宁 LINING 足球系列 男足球鞋 ASCF007-2 11,李宁（LI-NING）>李宁 LINING 足球系列 男足球鞋 ...,京东商城,李宁旗舰店
1005009005,健康运动、户外|运动鞋|足球鞋,阿迪达斯 男 人造小碎钉防滑足球鞋 G61573 蓝 42.5,阿迪达斯 男 人造小碎钉防滑足球鞋 G6...,京东商城,智凯运动专营店
1005009005,健康运动、户外|运动鞋|足球鞋,NIKE耐克 13年新款TIEMPO NATURAL IV 男子足球鞋509089-108,运动户外?>?运动鞋?>?足球鞋?>?商品详情,当当网,耐克
1005009005,健康运动、户外|运动鞋|足球鞋,耐克Nike男鞋足球鞋-509087-105 白色,耐克Nike男鞋足球鞋-509087-1...,京东商城,西街运动专营店
1005009005,健康运动、户外|运动鞋|足球鞋,欧洲杯 阿迪达斯adidas男鞋足球鞋 V23831 红色 43,欧洲杯 阿迪达斯adidas男鞋足球鞋 ...,京东商城,西街运动专营店
1005009005,健康运动、户外|运动鞋|足球鞋,Adidas 阿迪达斯12年新款男子PureVulc足球鞋G60233 44,首页>运动户外>运动鞋>足球鞋>Adidas阿迪达斯12年新款男子...,苏宁,$N
1005009005,健康运动、户外|运动鞋|足球鞋,Nike耐克男子足球鞋运动鞋 472543-088 40,服饰鞋帽>运动>足球鞋>Nike耐克男子足球鞋运动鞋 47254...,京东商城,宝夏体育
1005009005,健康运动、户外|运动鞋|足球鞋,AT adidas adiSteet LUX 阿迪达斯足球鞋 男鞋 U41669 1号黑色+金金属 41,服饰内衣>运动>足球鞋>阿迪达斯（Adidas）>AT adidas adiSteet L...,京东商城,名鞋库运动旗舰店
1005009005,健康运动、户外|运动鞋|足球鞋,361° 361度 足训鞋 男女式运动鞋 户外 春夏情侣鞋【官方】 LM I 黑/蓝 43,服饰鞋帽>运动>足球鞋>361° 361度 足训鞋 男女式运动鞋...,京东商城,361度官方旗舰店
1005009005,健康运动、户外|运动鞋|足球鞋,阿迪达斯adidas 男鞋真皮耐磨足球鞋 运动鞋 034563 黑色 43,服饰内衣>运动>足球鞋>阿迪达斯（Adidas）>阿迪达斯adidas 男鞋真皮耐磨足球鞋...,京东商城,名鞋库运动旗舰店
1005009005,健康运动、户外|运动鞋|足球鞋,阿迪达斯Adidas 男鞋 2012新款 男子运动足球鞋V21411 V21411 42,服饰鞋帽>运动>足球鞋>adidas阿迪达斯>阿迪达斯Adidas 男鞋 2012新款...,京东商城,互动网
1005009005,健康运动、户外|运动鞋|足球鞋,NIKE耐克 13新款超酷TIEMPO NATURAL IV LTR TF男子足球鞋509089-013 黑色 40,服饰内衣>运动>足球鞋>耐克（NIKE）>NIKE耐克 13新款超酷TIEMPO ...,京东商城,爱度运动
1005009005,健康运动、户外|运动鞋|足球鞋,阿迪达斯 ADIDAS 猎鹰系列男子足球鞋 V22133 YK 海蓝 42,adidas阿迪达斯>阿迪达斯 ADIDAS 猎鹰系列男子足球...,京东商城,五星运动
1005009005,健康运动、户外|运动鞋|足球鞋,阿迪达斯adidas 2013夏季新款 男鞋 男式猎鹰足球鞋 足球鞋 Q34720 亮白/金金属/1号黑 40.5,服饰鞋帽>运动>足球鞋>阿迪达斯（Adidas）>阿迪达斯adidas 2013夏季新款 ...,京东商城,海光运动专营店
1005009005,健康运动、户外|运动鞋|足球鞋,Adidas阿迪达斯2013新款男子运动足球鞋Q34720 WHV Q34720 40.5,服饰鞋帽>运动>足球鞋>adidas阿迪达斯>Adidas阿迪达斯2013新款男子运动...,京东商城,互动网
1005009005,健康运动、户外|运动鞋|足球鞋,Adidas阿迪达斯 男 G40338 F50高端FG足球鞋 白色 45,服饰鞋帽>运动>足球鞋>adidas阿迪达斯>Adidas阿迪达斯 男 G40338 ...,京东商城,好乐买运动旗舰店
1005009005,健康运动、户外|运动鞋|足球鞋,Nike耐克男子足球鞋运动鞋 555613-635 40,服饰内衣>运动>足球鞋>耐克（NIKE）>Nike耐克男子足球鞋运动鞋 55561...,京东商城,宝夏体育
1005009005,健康运动、户外|运动鞋|足球鞋,阿迪达斯 男子白色足球鞋,首页?>?阿迪达斯adidas男鞋专场?>?男子白色足球鞋,唯品会,无
1005009005,健康运动、户外|运动鞋|足球鞋,耐克 NIKE 男款足球鞋 AG C罗刺客8代胶钉 足球鞋 555608-103白/黑/绿 40.5,服饰内衣>运动>足球鞋>耐克（NIKE）>耐克 NIKE 男款足球鞋 AG C罗刺...,京东商城,网亿体育用品专营店
1005009005,健康运动、户外|运动鞋|足球鞋,专柜正品 ADIDAS/阿迪达斯 冬季新款足球系列男子足球鞋 V22142 V22142 40.5,服饰内衣>运动>足球鞋>三叶草（Adidas）>专柜正品 ADIDAS/阿迪达斯 冬季新...,京东商城,运动在线专营店
1005009005,健康运动、户外|运动鞋|足球鞋,断码 阿迪达斯adidas男鞋ID猎鹰足球鞋运动鞋V22122 1号黑色+实验酸橙绿+铁灰金属 42.5,服饰内衣>运动>足球鞋>阿迪达斯（Adidas）>断码 阿迪达斯adidas男鞋ID猎鹰足...,京东商城,名鞋库adidas官方授权
1005009005,健康运动、户外|运动鞋|足球鞋,adidas 阿迪达斯 男鞋团队基础足球鞋G60095 白色,首页 >运动户外 >运动鞋 >足球鞋 >adidas 阿迪达斯 男鞋团队基础足球鞋G60095,vjia,XIJIE西街运动旗舰店
1005009005,健康运动、户外|运动鞋|足球鞋,阿迪达斯Adidas男鞋胶钉中端AG足球鞋运动鞋 V21897 蓝色 41,服饰内衣>运动>足球鞋>阿迪达斯（Adidas）>阿迪达斯Adidas男鞋胶钉中端AG足球...,京东商城,良景运动专营店
1005009005,健康运动、户外|运动鞋|足球鞋,阿迪达斯adidas 男式 F50系列HG胶质短钉草地足球鞋 V21411,运动户外 > 运动鞋 > 足球鞋,当当网,阿迪达斯
1005009005,健康运动、户外|运动鞋|足球鞋,耐克 NIKE 男子超强抓地力进攻型足球鞋斯内德战靴-472563-643 白色 42.5,服饰内衣>运动>足球鞋>耐克（NIKE）>耐克 NIKE 男子超强抓地力进攻型足球...,京东商城,云聚运动专营店
1005009005,健康运动、户外|运动鞋|足球鞋,Adidas/阿迪达斯 男式F50足球鞋-V21321红荧光+亮白41,所有分类>运动户外>运动鞋>足球鞋>Adidas/阿迪达斯>Adidas/阿迪达...,1号店,Adidas/阿迪达斯
1005009005,健康运动、户外|运动鞋|足球鞋,耐克 Nike 男式 刺客系列罗纳尔多速度型天然草地足球鞋509128-376 509128376 40.5,服饰内衣>运动>足球鞋>耐克（NIKE）>耐克 Nike 男式 刺客系列罗纳尔多速...,京东商城,联合尚品运动户外专营店
1005009005,健康运动、户外|运动鞋|足球鞋,阿迪达斯adidas男鞋FG足球鞋F50运动鞋G65309 深蓝+白+紫 42,服饰内衣>运动>足球鞋>阿迪达斯（Adidas）>阿迪达斯adidas男鞋FG足球鞋F50...,京东商城,名鞋库adidas官方授权
1005009005,健康运动、户外|运动鞋|足球鞋,最强满减 欧洲杯 阿迪达斯adidas男鞋足球鞋-V23619 白色 42,服饰内衣>运动>足球鞋>阿迪达斯（Adidas）>最强满减 欧洲杯 阿迪达斯adidas男...,京东商城,云聚运动专营店
1005009005,健康运动、户外|运动鞋|足球鞋,欧洲杯 耐克Nike男鞋足球鞋 509132-800 黄色 42.5,欧洲杯 耐克Nike男鞋足球鞋 5091...,京东商城,西街运动专营店
1005009005,健康运动、户外|运动鞋|足球鞋,阿迪达斯 男子橘红/银色足球鞋,首页?>?阿迪达斯adidas男鞋专场?>?男子橘红/银色足球鞋,唯品会,无
1005009005,健康运动、户外|运动鞋|足球鞋,adidas 阿迪达斯 名鞋库2014新款男鞋足球鞋运动鞋11PRO系列足球M29879 亮白+金金属,首页 >运动户外 >运动鞋 >足球鞋 >adidas 阿迪达斯 名鞋库2014新款男鞋足球鞋运动鞋11PRO系列足球M29879,vjia,名鞋库运动店
1005009005,健康运动、户外|运动鞋|足球鞋,TM AT 阿迪达斯adidas运动鞋F50系列男鞋HG坚硬草地足球鞋V21320 银金属+黑色+红荧光 46.5,阿迪达斯（Adidas）>TM AT 阿迪达斯adidas运动鞋F...,京东商城,名鞋库运动旗舰店
1005009005,健康运动、户外|运动鞋|足球鞋,阿迪达斯adidas男鞋F10 TRX HG足球鞋-V21320 金属色 43,阿迪达斯（Adidas）>阿迪达斯adidas男鞋F10 TRX ...,京东商城,西街运动专营店
1005009005,健康运动、户外|运动鞋|足球鞋,热 耐克Nike2014新款男鞋足球鞋运动鞋TIEMPO系列足球631289-810 深红色 40.5码,首页>运动户外>运动鞋>足球鞋>热耐克Nike2014新款男鞋足球...,苏宁,NIKE
1005009005,健康运动、户外|运动鞋|足球鞋,ADIDAS 阿迪达斯 男子F50系列碎钉足球鞋 G65360,$N,型尚网,adidas
1005009005,健康运动、户外|运动鞋|足球鞋,361度官方正品2012冬季新款男子运动鞋轻便平底足球鞋 7245519(黑/浅黄 43),运动户外>足球鞋>361度>361度官方正品2012冬季新款男子运动鞋轻便平底足球鞋 7245519(黑/浅黄 43),国美电器网上商城,361度官方旗舰店
1005009005,健康运动、户外|运动鞋|足球鞋,耐克（NIKE） 2013新款男子足球鞋 580456-413 580456-413 40,服饰内衣>运动>足球鞋>耐克（NIKE）>耐克（NIKE） 2013新款男子足球鞋...,京东商城,显臣运动专营店
1005009005,健康运动、户外|运动鞋|足球鞋,Nike 耐克 足球系列 TIEMPO NATURAL IV LTR AG 男 足球鞋 509087,鞋靴 > 男鞋 > 专业运动鞋 > 足球鞋,亚马逊(卓越网),Nike 耐克
1005009005,健康运动、户外|运动鞋|足球鞋,Mizuno美津浓男子圆钉足球鞋 AG塑料胶钉室内外人造草地专用鞋 圆钉 黄蓝12kp37324 41,服饰内衣>运动>足球鞋>美津浓（MIZUNO）>Mizuno美津浓男子圆钉足球鞋 AG塑...,京东商城,运动世家服饰专营店
1005009005,健康运动、户外|运动鞋|足球鞋,耐克Nike男鞋足球鞋-509131-106 白色,耐克Nike男鞋足球鞋-509131-1...,京东商城,西街运动专营店
1005009005,健康运动、户外|运动鞋|足球鞋,NIKE 耐克 新款NIKE5 GATO ESPECIAL男子足球鞋524397 红色,首页 >运动户外 >运动鞋 >足球鞋 >NIKE 耐克 新款NIKE5 GATO ESPECIAL男子足球鞋524397,vjia,XIJIE西街运动旗舰店
1005009005,健康运动、户外|运动鞋|足球鞋,Adidas 阿迪达斯 F50系列 男足球鞋 F10 TRX TF Synthetic,鞋靴 > 男鞋 > 专业运动鞋 > 足球鞋,亚马逊(卓越网),$N
1005009005,健康运动、户外|运动鞋|足球鞋,Nike耐克男子足球鞋运动鞋 555615-010 41,服饰鞋帽>运动>足球鞋>Nike耐克男子足球鞋运动鞋 55561...,京东商城,加百利运动专营店
1005009005,健康运动、户外|运动鞋|足球鞋,李宁 男 ASTG011-3 速度碎钉足球训练鞋 白色 43,服饰内衣>运动>足球鞋>李宁（LI-NING）>李宁 男 ASTG011-3 速度碎钉足...,京东商城,好乐买运动旗舰店
1005009005,健康运动、户外|运动鞋|足球鞋,耐克（nike） NIKE耐克GATO II男子足球鞋580453-010 580453-010 43,服饰内衣>运动>足球鞋>耐克（NIKE）>耐克（nike） NIKE耐克GATO ...,京东商城,显臣运动专营店
1005009005,健康运动、户外|运动鞋|足球鞋,Nike耐克 男子足球鞋TIEMPO NATURAL IV LTR TF 509089-010 黑色 39,Nike耐克 男子足球鞋TIEMPO N...,京东商城,酷运动
1005009005,健康运动、户外|运动鞋|足球鞋,彪马PUMA男鞋足球鞋足球系列2014新款运动鞋AG低帮10287003 浅灰蓝+亮桃色+亮黄色 40.5,服饰内衣>运动>足球鞋>彪马（Puma）>彪马PUMA男鞋足球鞋足球系列2014新...,京东商城,名鞋库PUMA官方授权专卖店
1005009005,健康运动、户外|运动鞋|足球鞋,Nike耐克男子足球鞋运动鞋 509088-419 图片色 43,服饰鞋帽>运动>足球鞋>Nike耐克男子足球鞋运动鞋 50908...,京东商城,加百利运动专营店
1005009005,健康运动、户外|运动鞋|足球鞋,热 adidas阿迪达斯2014新款男鞋TF碎钉梅西防滑减震足球鞋F32716 亮白+1号黑色+绿荧光 42.5,运动户外>运动鞋包>足球鞋> 阿迪达斯（Adidas）>热 adidas阿迪达斯2014新款男鞋...,京东商城,名鞋库adidas专卖店
1005009005,健康运动、户外|运动鞋|足球鞋,名鞋库 耐克 NIKE男鞋足球鞋 专柜正品真皮防滑运动鞋454330-018 43,运动户外>足球鞋>耐克>名鞋库 耐克 NIKE男鞋足球鞋 专柜正品真皮防滑运动鞋454330-018 43,国美电器网上商城,名鞋库运动旗舰店
1005009005,健康运动、户外|运动鞋|足球鞋,耐克/Nike Gato Ltr 男子平地足球鞋 415123-005-004 415123-005 44,服饰内衣>运动>足球鞋>耐克（NIKE）>耐克/Nike Gato Ltr 男子平...,京东商城,运动在线专营店
1005009005,健康运动、户外|运动鞋|足球鞋,阿迪达斯adidas男鞋猎鹰足球鞋-Q20931 黄色 41,服饰内衣>运动>足球鞋>阿迪达斯adidas男鞋猎鹰足球鞋-Q2...,京东商城,飞驰运动
1005009005,健康运动、户外|运动鞋|足球鞋,UMBRO茵宝 足球鞋男款|101564001 黑色 44,茵宝（Umbro）>UMBRO茵宝 足球鞋男款|101564...,京东商城,umbro
1005009005,健康运动、户外|运动鞋|足球鞋,Umbro/茵宝 男士多胶钉足球鞋 115565003(白/彩蓝 41),运动户外>足球鞋>茵宝>Umbro/茵宝 男士多胶钉足球鞋 115565003(白/彩蓝 41),国美电器网上商城,古戈运动专营店
1005009005,健康运动、户外|运动鞋|足球鞋,Adidas/阿迪达斯 男款足球鞋V23708,所有分类>运动户外>运动鞋>足球鞋>Adidas/阿迪达斯>Adidas/阿迪达...,1号店,Adidas/阿迪达斯
1005009005,健康运动、户外|运动鞋|足球鞋,铁豹（TIEBAO） 足球鞋 铁豹猎鹰系列碎钉足球鞋室内平底五人制足球训练鞋1046 天蓝色 44,铁豹（TIEBAO） 足球鞋 铁豹猎鹰系...,京东商城,蓝鹏运动专营店
1005009005,健康运动、户外|运动鞋|足球鞋,adidas阿迪达斯12年新款男子 11Questra TRX HG 足球鞋G61802 白色 42.5,adidas阿迪达斯12年新款男子 11...,京东商城,圣尼西运动
1005009005,健康运动、户外|运动鞋|足球鞋,adidas 阿迪达斯 足球 男子 猎鹰足球鞋 一号黑 M17640 如图 9,运动户外>运动鞋包>足球鞋> 阿迪达斯（Adidas）>adidas 阿迪达斯 足球 男子 猎鹰...,京东商城,adidas官方旗舰店
1005009005,健康运动、户外|运动鞋|足球鞋,361度男鞋足球鞋-7235517-013 7235517-013 42,服饰内衣>运动>足球鞋>361°>361度男鞋足球鞋-7235517-01...,京东商城,$N
1005009005,健康运动、户外|运动鞋|足球鞋,阿迪达斯adidas男鞋HG足球鞋F50运动鞋G65437 黑+白+绿 40,服饰内衣>运动>足球鞋>阿迪达斯（Adidas）>阿迪达斯adidas男鞋HG足球鞋F50...,京东商城,名鞋库运动旗舰店
1005009005,健康运动、户外|运动鞋|足球鞋,2013新款耐克/NIKE CTR360三代平底室内足球鞋,鞋靴/类别/女鞋/专业运动鞋/足球鞋,亚马逊(卓越网),Nike 耐克
1005009005,健康运动、户外|运动鞋|足球鞋,耐克nike男鞋CTR360全面掌控足球鞋运动鞋525177-180 白+荧光红+黑 42.5,服饰内衣>运动>足球鞋>耐克（NIKE）>耐克nike男鞋CTR360全面掌控足球...,京东商城,名鞋库运动旗舰店
1005009005,健康运动、户外|运动鞋|足球鞋,阿迪达斯adidas男款足球鞋运动鞋G65441 亮白+1号黑色+深橙黄 42,服饰内衣>运动>训练鞋>阿迪达斯（Adidas）>阿迪达斯adidas男款足球鞋运动鞋G6...,京东商城,名鞋库运动旗舰店
1005009005,健康运动、户外|运动鞋|足球鞋,Nike 耐克 男子足球鞋 MERCURIAL VICTORY IV FG 555613-778 635 474 颜色555613-778 40,服饰鞋帽>运动>足球鞋>耐克（NIKE）>Nike 耐克 男子足球鞋 MERCU...,京东商城,酷买运动专营店
1005009005,健康运动、户外|运动鞋|足球鞋,Adidas阿迪达斯男子足球鞋运动鞋 V23926 图片色 40.5,服饰鞋帽>运动>足球鞋>adidas阿迪达斯>Adidas阿迪达斯男子足球鞋运动鞋 V...,京东商城,加百利运动专营店
1005009005,健康运动、户外|运动鞋|足球鞋,铁豹TIEBAO 户外鞋足球鞋男鞋运动鞋 1139系列 黑/金 42码,服饰鞋帽>运动>足球鞋>铁豹TIEBAO 户外鞋足球鞋男鞋运动鞋...,京东商城,铁鹰专营店
1005009005,健康运动、户外|运动鞋|足球鞋,鸿星尔克ERKE 男生活足球鞋 休闲鞋ZQ 11112105015 正白/浅灰 40,服饰鞋帽>运动>足球鞋>鸿星尔克ERKE 男生活足球鞋 休闲鞋Z...,京东商城,淘点运动专营店
1005009005,健康运动、户外|运动鞋|足球鞋,Nike耐克男鞋男子足球鞋MERCURIALV 509130(486 41),运动户外>足球鞋>耐克>Nike耐克男鞋男子足球鞋MERCURIALV 509130(486 41),国美电器网上商城,酷爱网旗舰店
1005009005,健康运动、户外|运动鞋|足球鞋,361°(361度)足训鞋新品男性7215532-0534 白色 43,运动户外>运动鞋包>足球鞋>361°(361度)足训鞋新品男性721...,京东商城,运动在线专营店
1005009005,健康运动、户外|运动鞋|足球鞋,Umbro茵宝新款 高端袋鼠皮 专业胶钉足球鞋 圆钉HG 101562001 白色 45,茵宝（Umbro）>Umbro茵宝新款 高端袋鼠皮 专业胶钉...,京东商城,umbro茵宝
1005009005,健康运动、户外|运动鞋|足球鞋,Adidas阿迪达斯 男子足球鞋 P Absolado TRX HG Leather V23564 白色/蓝色 42.5,服饰鞋帽>运动>足球鞋>adidas阿迪达斯>Adidas阿迪达斯 男子足球鞋 P A...,京东商城,酷运动
1005009005,健康运动、户外|运动鞋|足球鞋,最强满减 欧洲杯 阿迪达斯adidas男鞋足球鞋-V23926 白色 40.5,服饰内衣>运动>足球鞋>阿迪达斯（Adidas）>最强满减 欧洲杯 阿迪达斯adidas男...,京东商城,云聚运动专营店
1005009005,健康运动、户外|运动鞋|足球鞋,特步XTEP男鞋足球鞋-9883191800360748 灰色 43,特步（XTEP）>特步XTEP男鞋足球鞋-98831918...,京东商城,西街运动专营店
1005009005,健康运动、户外|运动鞋|足球鞋,阿迪达斯足球鞋 Heritagio V TRX HG 男鞋/足球鞋 V24060/SZ 40.5,服饰内衣>运动>足球鞋>阿迪达斯（Adidas）>阿迪达斯足球鞋 Heritagio V ...,京东商城,爱淘运动专营店
1005009005,健康运动、户外|运动鞋|足球鞋,2013新款阿迪达斯adidas男款足球鞋Q23909 黑色 41,服饰鞋帽>运动>足球鞋>阿迪达斯（Adidas）>2013新款阿迪达斯adidas男款足球...,京东商城,溜狗运动
1005009005,健康运动、户外|运动鞋|足球鞋,ADIDAS阿迪达斯运动鞋男子足球鞋 G61802 G61802 40.5,服饰内衣>运动>足球鞋>阿迪达斯（Adidas）>ADIDAS阿迪达斯运动鞋男子足球鞋 G...,京东商城,炫动运动专营店
1005009005,健康运动、户外|运动鞋|足球鞋,Nike 男式 动感流线T90系列4代碎钉进攻型耐磨草地足球鞋 472543-170 白色 45,服饰鞋帽>运动>足球鞋>耐克（NIKE）>Nike 男式 动感流线T90系列4代碎...,京东商城,好乐买运动旗舰店
1005009005,健康运动、户外|运动鞋|足球鞋,NIKE(耐克)2013新款夏季男子足球鞋580444-070 白色 40,服饰内衣>运动>足球鞋>耐克（NIKE）>NIKE(耐克)2013新款夏季男子足球...,京东商城,西街运动专营店
1005009005,健康运动、户外|运动鞋|足球鞋,NIKE(耐克)2014 春季男子足球鞋555613-103 白色 41,服饰内衣>运动>足球鞋>耐克（NIKE）>NIKE(耐克)2014 春季男子足球鞋...,京东商城,五新运动
1005009005,健康运动、户外|运动鞋|足球鞋,adidas阿迪达斯2013春季新款男子猎鹰系列足球G64962 白色 41,服饰内衣>运动>足球鞋>阿迪达斯（Adidas）>adidas阿迪达斯2013春季新款男子...,京东商城,岱润霖运动专营店
1005009005,健康运动、户外|运动鞋|足球鞋,NIKE耐克 2012新款男子足球鞋415123-007 红色,NIKE耐克 2012新款男子足球鞋41...,京东商城,西街运动专营店
1005009005,健康运动、户外|运动鞋|足球鞋,李宁/Lining足球系列 男子室内足球鞋 ASWF007-2 黑/银 43,李宁/Lining足球系列 男子室内足球...,京东商城,天蓝运动专营店
1005009005,健康运动、户外|运动鞋|足球鞋,阿迪达斯(Adidas) 世界杯桑巴系列HG男F50系列足球鞋D F32763 40,运动户外>运动鞋包>足球鞋>阿迪达斯（Adidas）>阿迪达斯(Adidas) 世界杯桑巴系列...,京东商城,锋锐运动专营店
1005009005,健康运动、户外|运动鞋|足球鞋,NIKE耐克 2012新款男子足球鞋454323-130 白色,NIKE耐克 2012新款男子足球鞋45...,京东商城,西街运动专营店
1005009005,健康运动、户外|运动鞋|足球鞋,adidas阿迪达斯合成革男款低帮足球鞋G64078，42,首页>运动>运动鞋>足球鞋,银泰网,adidas
1005009005,健康运动、户外|运动鞋|足球鞋,阿迪达斯adidas2014新品男鞋足球鞋运动鞋足球F32716 亮白+1号黑色+绿荧光 39,服饰内衣>运动>足球鞋>阿迪达斯（Adidas）>阿迪达斯adidas2014新品男鞋足球...,京东商城,名鞋库运动旗舰店
1005009005,健康运动、户外|运动鞋|足球鞋,XJXJ 2013新款 耐克NIKE 男鞋足球鞋 耐磨运动鞋509089-013 黑+白+电子绿 42.5,服饰内衣>运动>足球鞋>耐克（NIKE）>XJXJ 2013新款 耐克NIKE ...,京东商城,名鞋库运动旗舰店
1005009005,健康运动、户外|运动鞋|足球鞋,Nike 耐克 新款男鞋FG男子足球鞋运动鞋 488118-140 HB,鞋靴 > 男鞋 > 专业运动鞋 > 跑步鞋,亚马逊(卓越网),Nike 耐克
1005009005,健康运动、户外|运动鞋|足球鞋,adidas阿迪达斯中性足球鞋G40738 棕色 37,adidas阿迪达斯中性足球鞋G4073...,京东商城,优购运动旗舰店
1005009005,健康运动、户外|运动鞋|足球鞋,Adidas阿迪达斯 男 Q22474 团队基础胶质短钉加固车线流线轻便跑步鞋 白色 45,服饰内衣>运动>足球鞋>Adidas阿迪达斯 男 Q22474 ...,京东商城,好乐买运动旗舰店
1005009005,健康运动、户外|运动鞋|足球鞋,Mizuno 美津浓 男款 室内足球鞋运动鞋 Lancamento SL3 TF Y12KF26545 42,服饰鞋帽>运动>足球鞋>Mizuno 美津浓 男款 室内足球鞋运...,京东商城,美津浓 官方旗舰店
1005009005,健康运动、户外|运动鞋|足球鞋,欧洲杯 耐克Nike男鞋足球鞋-472547-400 白色 40,服饰内衣>运动>足球鞋>欧洲杯 耐克Nike男鞋足球鞋-4725...,京东商城,岱润霖运动专营店
1005009005,健康运动、户外|运动鞋|足球鞋,UMBRO/茵宝 男士跑步鞋 室内足球鞋 101569005(白/红 40),运动户外>训练鞋>茵宝>UMBRO/茵宝 男士跑步鞋 室内足球鞋 101569005(白/红 40),国美,古戈运动专营店
1005009005,健康运动、户外|运动鞋|足球鞋,Adidas阿迪达斯男子足球鞋运动鞋 V24789 图片色 40,服饰鞋帽>运动>足球鞋>adidas阿迪达斯>Adidas阿迪达斯男子足球鞋运动鞋 V...,京东商城,加百利运动专营店
1005009005,健康运动、户外|运动鞋|足球鞋,adidas阿迪达斯2013春季新款男F50足球G65437 黄色 41,服饰内衣>运动>足球鞋>阿迪达斯（Adidas）>adidas阿迪达斯2013春季新款男F...,京东商城,飞驰运动
1005009005,健康运动、户外|运动鞋|足球鞋,阿迪达斯adidas男鞋HG猎鹰桑巴战靴足球鞋2014新款运动鞋D67116 鲜红+亮白+绿荧光 45,服饰内衣>运动>足球鞋>阿迪达斯（Adidas）>阿迪达斯adidas男鞋HG猎鹰桑巴战靴...,京东商城,名鞋库adidas官方授权
1005009005,健康运动、户外|运动鞋|足球鞋,李宁LI-NING 时尚运动 男子足球鞋 月蚀蓝ASWE011-4 41.5,服饰鞋帽>运动>跑步鞋>李宁LI-NING 时尚运动 男子足球鞋...,京东商城,木木三运动专营店
1005009005,健康运动、户外|运动鞋|足球鞋,adidas阿迪达斯2013新款男子猎鹰系列HG胶质短钉足球鞋Q21708 Q21708 42,服饰内衣>运动>足球鞋>阿迪达斯（Adidas）>adidas阿迪达斯2013新款男子猎鹰...,京东商城,云聚运动专营店
1005009005,健康运动、户外|运动鞋|足球鞋,阿迪达斯/Adidas 男 猎鹰系列足球鞋 G40876 白色 43,阿迪达斯/Adidas 男 猎鹰系列足球...,京东商城,溜狗运动
1005009005,健康运动、户外|运动鞋|足球鞋,NIKE 耐克 男 2011冬 足球鞋 STREETGATO 442125070 442125-070 黑色 40,NIKE 耐克 男 2011冬 足球鞋 ...,京东商城,五星运动
1005009005,健康运动、户外|运动鞋|足球鞋,耐克 NIKE 男子铰接生胶大底耐磨硬地足球鞋-472558-400 图片色 43,服饰内衣>运动>足球鞋>耐克（NIKE）>耐克 NIKE 男子铰接生胶大底耐磨硬地...,京东商城,飞驰运动
1005009005,健康运动、户外|运动鞋|足球鞋,LI-NING/李宁欧洲杯 男鞋室内足球鞋-ASWE015-2,服饰内衣、鞋靴运动>运动户外鞋>足球鞋>LI-NING/李宁,1号店,LI-NING/李宁
1005009005,健康运动、户外|运动鞋|足球鞋,NIKE耐克男款人造革低帮足球鞋599730-700，42,首页>运动>运动鞋>足球鞋,银泰网,NIKE
1005009005,健康运动、户外|运动鞋|足球鞋,XJXJ 阿迪达斯adidas运动鞋男鞋团队基础系列HG短钉坚硬草地足球鞋Q22481 44,服饰内衣>运动>足球鞋>阿迪达斯（Adidas）>XJXJ 阿迪达斯adidas运动鞋男鞋...,京东商城,名鞋库adidas官方授权
1005009005,健康运动、户外|运动鞋|足球鞋,阿迪达斯 团队基础系列 正品 夏季 男足球鞋 Q22473 1号黑 42码,首页>运动户外>运动鞋>足球鞋>阿迪达斯团队基础系列正品夏季...,苏宁,阿迪达斯
1005009005,健康运动、户外|运动鞋|足球鞋,名鞋库 新品 adidas阿迪达斯 新款 男式足球鞋 V22142  42.5,运动户外>足球鞋>阿迪达斯>名鞋库 新品 adidas阿迪达斯 新款 男式足球鞋 V22142  42.5,国美电器网上商城,名鞋库运动旗舰店
1005009005,健康运动、户外|运动鞋|足球鞋,耐克NIKE 男鞋 足球鞋 运动鞋 599848-080(深碳灰+荧光红色+黑 40.5),运动户外>足球鞋>耐克>耐克NIKE 男鞋 足球鞋 运动鞋 599848-080(深碳灰+荧光红色+黑 40.5),国美电器网上商城,名鞋库运动旗舰店
1005009005,健康运动、户外|运动鞋|足球鞋,阿迪达斯 男式 实用型室内足球鞋 G40767 黑色 44.5,阿迪达斯 男式 实用型室内足球鞋 G40...,京东商城,好乐买运动旗舰店
1005009005,健康运动、户外|运动鞋|足球鞋,阿迪达斯 男子橘红/银色足球鞋,首页?>?阿迪达斯adidas男鞋专场?>?男子橘红/银色足球鞋,唯品会,无
1005009005,健康运动、户外|运动鞋|足球鞋,2013新款阿迪达斯adidas男款足球鞋运动鞋G64884 G64886 1号黑+银金属+粉红 41,服饰内衣>运动>足球鞋>阿迪达斯（Adidas）>2013新款阿迪达斯adidas男款足球...,京东商城,名鞋库运动旗舰店
1005009005,健康运动、户外|运动鞋|足球鞋,阿迪达斯/Adidas 男子F50足球鞋MG HGG65439 G65447 G33923 G65447 40.5,运动户外>运动鞋包>足球鞋> 阿迪达斯（Adidas）>阿迪达斯/Adidas 男子F50足球鞋...,京东商城,型动运动专营店
1005009005,健康运动、户外|运动鞋|足球鞋,Nike 耐克 2012新款男子足球鞋442125-108 42.5,首页>运动户外>运动鞋>足球鞋>Nike耐克2012新款男子足...,苏宁,$N
1005009005,健康运动、户外|运动鞋|足球鞋,NIKE耐克 2012款男T90 STRIKE IV FG足球鞋472562-084 X 黑色 42,服饰内衣>运动>足球鞋>耐克（NIKE）>NIKE耐克 2012款男T90 STR...,京东商城,飞驰运动
1005009005,健康运动、户外|运动鞋|足球鞋,耐克 男款车线格纹银白色足球鞋,首页?>?.耐克Nike男士专场?>?男款车线格纹银白色足球鞋,唯品会,无
1005009005,健康运动、户外|运动鞋|足球鞋,Nike 耐克 男子足球鞋 T90 SHOOT IV TF 472560-170 643 703 颜色472560-643 43,服饰内衣>运动>足球鞋>耐克（NIKE）>Nike 耐克 男子足球鞋 T90 S...,京东商城,酷买运动专营店
1005009005,健康运动、户外|运动鞋|足球鞋,回力男子足球鞋 碎钉足球鞋比赛鞋训练鞋鞋WF-5006 白黑色 39,服饰内衣>运动>足球鞋>回力（Warrior）>回力男子足球鞋 碎钉足球鞋比赛鞋训练鞋鞋...,京东商城,远东运动专营店
1005009005,健康运动、户外|运动鞋|足球鞋,Nike耐克男子足球鞋运动鞋 555608-708 40.5,服饰鞋帽>运动>足球鞋>Nike耐克男子足球鞋运动鞋 55560...,京东商城,加百利运动专营店
1005009005,健康运动、户外|运动鞋|足球鞋,adidas 阿迪达斯 男式 足球鞋 科技系防滑抗震系列运动鞋 V24855 Ezeiro III TRX HG 其它颜色 44.5,阿迪达斯（Adidas）>adidas 阿迪达斯 男式 足球鞋 ...,京东商城,联合尚品运动户外专营店
1005009005,健康运动、户外|运动鞋|足球鞋,NIKE耐克 2013新款MERCURIAL VICTORY IV HG-V男子足球鞋555637-708 黑色 42.5,服饰鞋帽>运动>足球鞋>NIKE耐克 2013新款MERCURI...,京东商城,优购旗舰店
1005009005,健康运动、户外|运动鞋|足球鞋,NIKE耐克 2012新款T90 SHOOT IV TF男子足球鞋472560-643 红色 38.5,NIKE耐克 2012新款T90 SHO...,京东商城,优购运动旗舰店
1005009005,健康运动、户外|运动鞋|足球鞋,名鞋库 新品 LINING李宁 新款 男式足球鞋 ASWG031-1 白+胡椒红 41.5,运动户外>足球鞋>李宁>名鞋库 新品 LINING李宁 新款 男式足球鞋 ASWG031-1 白+胡椒红 41.5,国美电器网上商城,名鞋库运动旗舰店
1005009005,健康运动、户外|运动鞋|足球鞋,阿迪达斯adidas男子猎鹰系列足球鞋Q20926 BS Q20926 41.5,服饰内衣>运动>足球鞋>阿迪达斯（Adidas）>阿迪达斯adidas男子猎鹰系列足球鞋Q...,京东商城,型尚网运动专营店
1005009005,健康运动、户外|运动鞋|足球鞋,阿迪达斯adidas2012新款男鞋足球鞋-V23829 黑色,阿迪达斯adidas2012新款男鞋足球...,京东商城,西街运动专营店
1005009005,健康运动、户外|运动鞋|足球鞋,Mizuno 美津浓 男款 专业足球鞋 Ignitus 2 MD 红/白/黑 43,服饰内衣>运动>训练鞋>美津浓（MIZUNO）>Mizuno 美津浓 男款 专业足球鞋 ...,京东商城,美津浓运动专营店
1005009005,健康运动、户外|运动鞋|足球鞋,Adidas阿迪达斯男子足球鞋运动鞋 V22135 44.5,服饰鞋帽>运动>足球鞋>adidas阿迪达斯>Adidas阿迪达斯男子足球鞋运动鞋 V...,京东商城,宝夏体育
1005009005,健康运动、户外|运动鞋|足球鞋,阿迪达斯adidas男鞋F5 TRX HG足球鞋-V21413 V21414 XJ 黑色 42,阿迪达斯（Adidas）>阿迪达斯adidas男鞋F5 TRX H...,京东商城,五新运动
1005009005,健康运动、户外|运动鞋|足球鞋,NIKE耐克12新款MERCURIALVICTORY IIICRFG男足球鞋537735-014 X 黑色 42.5,NIKE耐克12新款MERCURIALV...,京东商城,飞驰运动
1005009005,健康运动、户外|运动鞋|足球鞋,Adidas阿迪达斯男子足球鞋运动鞋 V23954 图片色 43,服饰内衣>运动>足球鞋>阿迪达斯（Adidas）>Adidas阿迪达斯男子足球鞋运动鞋 V...,京东商城,加百利运动专营店
1005009005,健康运动、户外|运动鞋|足球鞋,Nike耐克 男子足球鞋NIKE5 GATO LTR AP 415123-004/415123-005 黑色+黄色 40,服饰鞋帽>运动>足球鞋>Nike耐克 男子足球鞋NIKE5 GA...,京东商城,酷运动
1005009005,健康运动、户外|运动鞋|足球鞋,铁豹（TIEBAO)8324金靴系列户外足球鞋/胶钉/草地钉/碎钉足球运动鞋 蓝色 43,铁豹（TIEBAO）>铁豹（TIEBAO)8324金靴系列户外...,京东商城,世达体育
1005009005,健康运动、户外|运动鞋|足球鞋,阿迪达斯adidas男鞋足球鞋-G61801 蓝色,阿迪达斯adidas男鞋足球鞋-G618...,京东商城,西街运动专营店
1005009005,健康运动、户外|运动鞋|足球鞋,adidas阿迪达斯2013春季新款男子足球鞋Q20924,运动户外 > 运动鞋 > 足球鞋,当当网,阿迪达斯
1005009005,健康运动、户外|运动鞋|足球鞋,adidas阿迪达斯男款猎鹰系列低帮合成革足球鞋Q21678,42,首页>运动>运动鞋>足球鞋,银泰网
1005009005,健康运动、户外|运动鞋|足球鞋,耐克（Nike）2013男鞋碎钉传奇4代足球鞋509089-108 白色 39,服饰鞋帽>运动>足球鞋>耐克（Nike）2013男鞋碎钉传奇4代...,京东商城,显臣运动专营店
1005009005,健康运动、户外|运动鞋|足球鞋,茵宝足球鞋 碎钉跑步男鞋运动鞋 男子足球鞋胶钉 黑白 42,茵宝足球鞋 碎钉跑步男鞋运动鞋 男子足球...,京东商城,运动世家服饰专营店
1005009005,健康运动、户外|运动鞋|足球鞋,NIKE耐克 2014年新款男子TIEMPO LEGEND V AG足球鞋631612-008,运动户外?>?运动鞋?>?足球鞋?>?商品详情,当当网,耐克
1005009005,健康运动、户外|运动鞋|足球鞋,新款 Adidas 阿迪达斯男鞋 足球 11Questra TRX HG Q23866 颜色Q23866 40.5,服饰内衣>运动>足球鞋>阿迪达斯（Adidas）>新款 Adidas 阿迪达斯男鞋 足球 ...,京东商城,酷买运动专营店
1005009005,健康运动、户外|运动鞋|足球鞋,阿迪达斯ADIDAS2013秋季新款男子运动低帮防滑时尚足球鞋 Q33865 绿 40.5,服饰内衣>运动>足球鞋>阿迪达斯（Adidas）>阿迪达斯ADIDAS2013秋季新款男子...,京东商城,辉动运动专营店
1005009005,健康运动、户外|运动鞋|足球鞋,阿迪达斯 男式 F50系列AG胶质短钉足球鞋 V23920 黑色 44.5,阿迪达斯（Adidas）>阿迪达斯 男式 F50系列AG胶质短钉足...,京东商城,好乐买运动旗舰店
1005009005,健康运动、户外|运动鞋|足球鞋,adidas阿迪达斯2013新款男子猎鹰系列足球鞋G64967 黄色 43,服饰内衣>运动>足球鞋>adidas阿迪达斯2013新款男子猎鹰...,京东商城,飞驰运动
1005009005,健康运动、户外|运动鞋|足球鞋,【货到付款】双星 Double Star 透气胶钉耐磨耐踢专用训练鞋足球鞋男鞋653010 红黑 39,服饰内衣>运动>足球鞋>双星（Double Star）>【货到付款】双星 Double Star...,京东商城,双星专卖店
1005009005,健康运动、户外|运动鞋|足球鞋,STAR 世达 中性足球鞋 BUENOS SS5620,鞋靴 > 女鞋 > 专业运动鞋 > 足球鞋 ,亚马逊(卓越网),Star 世达
1005009005,健康运动、户外|运动鞋|足球鞋,adidas 阿迪达斯adidas男鞋足球鞋 Q21666,所有分类>运动户外>运动鞋>足球鞋>adidas,1号店,足球鞋
1005009005,健康运动、户外|运动鞋|足球鞋,阿迪达斯 Adidas团队基础系列科技系带抗震防滑经典复古足球鞋 Q22481 HL 黑色 40.5,服饰内衣>运动>足球鞋>阿迪达斯（Adidas）>阿迪达斯 Adidas团队基础系列科技系...,京东商城,五新运动
1005009005,健康运动、户外|运动鞋|足球鞋,英途(etto)足球鞋成人碎钉平底足球训练鞋儿童足球鞋SS5101 红色 39,运动户外>运动鞋包>足球鞋>英途（etto）>英途(etto)足球鞋成人碎钉平底足球训...,京东商城,正辉运动
1005009005,健康运动、户外|运动鞋|足球鞋,阿迪达斯adidas2014新款桑巴战靴运动鞋男鞋 足球鞋D66956(绿荧光+1号黑色+烈火黄荧光 40),运动户外>足球鞋>阿迪达斯>阿迪达斯adidas2014新款桑巴战靴运动鞋男鞋 足球鞋D66956(绿荧光+1号黑色+烈火黄荧光 40),国美电器网上商城,名鞋库运动旗舰店
1005009005,健康运动、户外|运动鞋|足球鞋,名鞋库 新品 LINING李宁 新款 男式足球鞋 ASCG035-1 41,运动户外>足球鞋>李宁>名鞋库 新品 LINING李宁 新款 男式足球鞋 ASCG035-1 41,国美电器网上商城,名鞋库运动旗舰店
1005009005,健康运动、户外|运动鞋|足球鞋,最强满减 欧洲杯 耐克Nike男鞋足球鞋-509128-800 红色 39,服饰内衣>运动>足球鞋>耐克（NIKE）>最强满减 欧洲杯 耐克Nike男鞋足球鞋...,京东商城,云聚运动专营店
1005009005,健康运动、户外|运动鞋|足球鞋,(颜色以图片为准) Nike 耐克 男子足球鞋 TIEMPO NATURAL IV LTR TF 509089-105 白 44,(颜色以图片为准) Nike 耐克 男子...,京东商城,酷买运动专营店
1005009005,健康运动、户外|运动鞋|足球鞋,ERKE/鸿星尔克 男足球鞋 11112105012,所有分类>运动户外>运动鞋>足球鞋>ERKE/鸿星尔克>ERKE/鸿星尔克 ...,1号店,ERKE/鸿星尔克
1005009005,健康运动、户外|运动鞋|足球鞋,欧洲杯 阿迪达斯adidas男鞋足球鞋 V23832 灰色 42.5,阿迪达斯（Adidas）>欧洲杯 阿迪达斯adidas男鞋足球鞋 ...,京东商城,西街运动专营店
1005009005,健康运动、户外|运动鞋|足球鞋,NIKE耐克 足球系列 足球鞋 男性 415123003 415123-003 7.5,NIKE耐克 足球系列 足球鞋 男性 4...,京东商城,运动在线
1005009005,健康运动、户外|运动鞋|足球鞋,阿迪达斯adidas正品运动鞋男鞋猎鹰HG耐磨坚硬草地足球鞋Q34720,运动户外 > 运动鞋 > 足球鞋,当当网,adidas
1005009005,健康运动、户外|运动鞋|足球鞋,NIKE耐克 足球系列 足球鞋 男性 415123003 415123-003 4.5,耐克（NIKE）>NIKE耐克 足球系列 足球鞋 男性 4...,京东商城,运动在线
1005009005,健康运动、户外|运动鞋|足球鞋,PUMA 彪马男子足球鞋10248401 白色 44,彪马（Puma）>PUMA 彪马男子足球鞋10248401...,京东商城,西街运动专营店
1005009005,健康运动、户外|运动鞋|足球鞋,名鞋库 耐克NIKE男鞋防滑足球鞋正品运动鞋442047-505 42,运动户外>足球鞋>耐克>名鞋库 耐克NIKE男鞋防滑足球鞋正品运动鞋442047-505 42,国美电器网上商城,名鞋库运动旗舰店
1005009005,健康运动、户外|运动鞋|足球鞋,耐克(nike) 紫色 男 足球鞋 396119-584,鞋子 > 运动鞋 > 足球鞋,拍鞋网,耐克
1005009005,健康运动、户外|运动鞋|足球鞋,adidas阿迪达斯2014新款男子NITROCHARGE系列FG胶质长钉足球鞋F32770 绿色 42.5码,首页>运动户外>运动鞋>足球鞋>adidas阿迪达斯2014新款男子...,苏宁,阿迪达斯
1005009005,健康运动、户外|运动鞋|足球鞋,NIKE耐克 2012新款男子足球鞋415123-007(如图 39),运动户外>足球鞋>耐克>NIKE耐克 2012新款男子足球鞋415123-007(如图 39),国美电器网上商城,宝库佳协运动专营店
1005009005,健康运动、户外|运动鞋|足球鞋,Nike 男 传奇4代胶质短钉耐磨足球鞋 509087-419 40.5,Nike 男 传奇4代胶质短钉耐磨足球鞋...,京东商城,智凯运动专营店
1005009005,健康运动、户外|运动鞋|足球鞋,adidas阿迪达斯2014新款男子F50系列TF碎钉足球鞋F32763 深蓝色 40,服饰内衣>运动>足球鞋>阿迪达斯（Adidas）>adidas阿迪达斯2014新款男子F5...,京东商城,优购旗舰店
1005009005,健康运动、户外|运动鞋|足球鞋,阿迪达斯 adidas  男子休闲运动鞋  时尚新款足球训练鞋 ,运动户外?>?运动鞋?>?足球鞋?>?阿迪达斯?adidas??男子休闲运动鞋??时尚新款足球训练鞋?,当当网,阿迪达斯 adidas
1005009005,健康运动、户外|运动鞋|足球鞋,阿迪达斯adidas男鞋HG狂战士足球鞋运动鞋Q33691 完美蓝+白+亮黄荧光 40,服饰内衣>运动>足球鞋>阿迪达斯（Adidas）>阿迪达斯adidas男鞋HG狂战士足球鞋...,京东商城,名鞋库运动旗舰店
1005009005,健康运动、户外|运动鞋|足球鞋,ADIDAS阿迪 足球系列 足球鞋 男性 G40643 10,阿迪达斯（Adidas）>ADIDAS阿迪 足球系列 足球鞋 男性...,京东商城,运动在线
1005009005,健康运动、户外|运动鞋|足球鞋,闪电 浅灰 男 足球鞋 VF1120-16,鞋子 > 运动鞋 > 足球鞋,拍鞋网,闪电
1005009005,健康运动、户外|运动鞋|足球鞋,ERKE/鸿星尔克 运动鞋 男鞋 足球系列 男 足球鞋子 11047138,所有分类>运动户外>运动鞋>足球鞋>ERKE/鸿星尔克>ERKE/鸿星尔克 ...,1号店,ERKE/鸿星尔克
1005009005,健康运动、户外|运动鞋|足球鞋,Adidas阿迪达斯男子足球鞋运动鞋 G64912 42.5,服饰鞋帽>运动>足球鞋>adidas阿迪达斯>Adidas阿迪达斯男子足球鞋运动鞋 G...,京东商城,宝夏体育
1005009005,健康运动、户外|运动鞋|足球鞋,NIKE耐克 2012新款男子足球鞋454324-130 白色 42,服饰内衣>运动>足球鞋>耐克（NIKE）>NIKE耐克 2012新款男子足球鞋45...,京东商城,云聚运动专营店
1005009005,健康运动、户外|运动鞋|足球鞋,NIKE耐克 2013新款HYPERVENOM PHADE IC男子足球鞋599810 黑色 42.5,运动户外>运动鞋包>足球鞋>耐克（NIKE）>NIKE耐克 2013新款HYPERVE...,京东商城,优购运动旗舰店
1005009005,健康运动、户外|运动鞋|足球鞋,LiNing李宁 男子室内足球鞋 ASWF017-2 黑色 43,LiNing李宁 男子室内足球鞋 ASW...,京东商城,酷运动
1005009005,健康运动、户外|运动鞋|足球鞋,阿迪达斯adidas男鞋F50足球鞋-V21335(如图 40),运动户外>足球鞋>阿迪达斯>阿迪达斯adidas男鞋F50足球鞋-V21335(如图 40),国美电器网上商城,宝库佳协运动专营店
1005009005,健康运动、户外|运动鞋|足球鞋,耐克Nike男鞋足球鞋-509089-010 黑色 40,服饰鞋帽>运动>足球鞋>耐克Nike男鞋足球鞋-509089-0...,京东商城,智凯运动专营店
1005009005,健康运动、户外|运动鞋|足球鞋,耐克Nike 男款足球鞋 TIEMPO NATURAL IV LTR TF 509089-105 白 42.5,耐克Nike 男款足球鞋 TIEMPO ...,京东商城,酷买运动专营店
1005009005,健康运动、户外|运动鞋|足球鞋,Nike/耐克 男鞋 足球鞋 453959-117,所有分类>运动户外>运动鞋>足球鞋>Nike/耐克>Nike/耐克 男鞋...,1号店,Nike/耐克
1005009005,健康运动、户外|运动鞋|足球鞋,断码 阿迪达斯adidas男鞋AG猎鹰足球鞋运动鞋Q34466 鲜黄+亮白+鲜紫 40.5,服饰内衣>运动>足球鞋>阿迪达斯（Adidas）>断码 阿迪达斯adidas男鞋AG猎鹰足...,京东商城,名鞋库运动旗舰店
1005009005,健康运动、户外|运动鞋|足球鞋,喜攀登Spanrde 男女式足球鞋 户外休闲运动鞋黑白色9711 白色 37,喜攀登>喜攀登Spanrde 男女式足球鞋 户外...,京东商城,远东运动专营店
1005009005,健康运动、户外|运动鞋|足球鞋,茵宝umbro情侣款运动透气耐磨跑步休闲鞋 tf碎钉足球鞋 黑白标(基础版) 38,服饰内衣>运动>跑步鞋>茵宝（Umbro）>茵宝umbro情侣款运动透气耐磨跑步休闲...,京东商城,运动世家服饰专营店
1005009005,健康运动、户外|运动鞋|足球鞋,adidas 阿迪达斯 足球 男 P Absolado D5 TRX HG 猎鹰12代足球鞋 亮丽蓝/亮白/红荧光 蓝色 41,adidas阿迪达斯>adidas 阿迪达斯 足球 男 P A...,京东商城,乐淘运动鞋城
1005009005,健康运动、户外|运动鞋|足球鞋,2013新款儿童 青少年足球鞋碎钉男女比赛训练鞋 MSJ-1218 蓝色 38偏小一个码,服饰内衣>运动>足球鞋>METRIX>2013新款儿童 青少年足球鞋碎钉男女比...,京东商城,炫凡运动专营店
1005009005,健康运动、户外|运动鞋|足球鞋,新款 Nike 耐克 男子足球鞋 TOKI LOW TXT 555272-410 616 011 331 220 颜色555272-220 41,服饰内衣>运动>休闲鞋>耐克（NIKE）>新款 Nike 耐克 男子足球鞋 TO...,京东商城,酷买运动专营店
1005009005,健康运动、户外|运动鞋|足球鞋,阿迪达斯adidas 2013新品 男鞋 猎鹰足球鞋 男式运动鞋Q20924 黑色 40.5,服饰鞋帽>运动>足球鞋>阿迪达斯（Adidas）>阿迪达斯adidas 2013新品 男鞋...,京东商城,联百运动专营店
1005009005,健康运动、户外|运动鞋|足球鞋,阿迪达斯adidas运动鞋猎鹰系列男鞋TF塑料草场足球鞋Q21671(镭射绿+黑+亮黄荧光 39),运动户外>足球鞋>阿迪达斯>阿迪达斯adidas运动鞋猎鹰系列男鞋TF塑料草场足球鞋Q21671(镭射绿+黑+亮黄荧光 39),国美电器网上商城,名鞋库运动旗舰店
1005009005,健康运动、户外|运动鞋|足球鞋,李宁足球系列男子室内足球鞋ASWF037-1/2 白色系 6.5,李宁足球系列男子室内足球鞋ASWF037...,京东商城,李宁 官方旗舰店
