1001001001,彩票、旅行、充值、票务|彩票|双色球
1001001002,彩票、旅行、充值、票务|彩票|大乐透
1001001003,彩票、旅行、充值、票务|彩票|福彩3D
1001001004,彩票、旅行、充值、票务|彩票|排列三
1001001005,彩票、旅行、充值、票务|彩票|排列五
1001001006,彩票、旅行、充值、票务|彩票|七星彩
1001001007,彩票、旅行、充值、票务|彩票|七乐彩
1001001008,彩票、旅行、充值、票务|彩票|竞彩足球
1001001009,彩票、旅行、充值、票务|彩票|竞彩篮球
1001001010,彩票、旅行、充值、票务|彩票|新时时彩
1001001011,彩票、旅行、充值、票务|彩票|胜平负
1001001012,彩票、旅行、充值、票务|彩票|上下单双
1001001013,彩票、旅行、充值、票务|彩票|总进球
1001001014,彩票、旅行、充值、票务|彩票|比分半全场
1001001015,彩票、旅行、充值、票务|彩票|胜负彩
1001001016,彩票、旅行、充值、票务|彩票|任选九
1001001017,彩票、旅行、充值、票务|彩票|半全场
1001001018,彩票、旅行、充值、票务|彩票|进球彩
1001001019,彩票、旅行、充值、票务|彩票|竞足混投
1001001020,彩票、旅行、充值、票务|彩票|竞篮混投
1001001021,彩票、旅行、充值、票务|彩票|新11选5
1001001022,彩票、旅行、充值、票务|彩票|11选5
1001001023,彩票、旅行、充值、票务|彩票|快3
1001005001,彩票、旅行、充值、票务|充值|手机充值
1001005002,彩票、旅行、充值、票务|充值|游戏点卡
1001005003,彩票、旅行、充值、票务|充值|QQ充值
1001006001,彩票、旅行、充值、票务|票务|电影票
1001006002,彩票、旅行、充值、票务|票务|演唱会
1001006003,彩票、旅行、充值、票务|票务|话剧
1001006004,彩票、旅行、充值、票务|票务|歌剧、音乐剧
1001006005,彩票、旅行、充值、票务|票务|音乐会
1001006006,彩票、旅行、充值、票务|票务|体育赛事
1001006007,彩票、旅行、充值、票务|票务|舞蹈、芭蕾
1001006008,彩票、旅行、充值、票务|票务|戏曲综艺
1001006009,彩票、旅行、充值、票务|票务|魔术、杂技、马戏
1001006010,彩票、旅行、充值、票务|票务|儿童剧场
1001006011,彩票、旅行、充值、票务|票务|民间文化
1002002001,玩具|遥控玩具、电动玩具|遥控车、电动车
1002002002,玩具|遥控玩具、电动玩具|遥控飞机、电动飞机
1002002003,玩具|遥控玩具、电动玩具|遥控船类、电动船类
1002002004,玩具|遥控玩具、电动玩具|遥控机器人、电动机器人
1002002005,玩具|遥控玩具、电动玩具|电动玩具枪
1002002006,玩具|遥控玩具、电动玩具|电动轨道、遥控轨道
1002002007,玩具|遥控玩具、电动玩具|电动动物、遥控动物
1002003001,玩具|毛绒、布艺|毛绒、布艺
1002004001,玩具|娃娃玩具|芭比娃娃
1002004002,玩具|娃娃玩具|卡通娃娃
1002004003,玩具|娃娃玩具|智能娃娃
1002005001,玩具|模型玩具|仿真模型
1002005002,玩具|模型玩具|拼插模型
1002005003,玩具|模型玩具|收藏爱好
1002006001,玩具|健身玩具|炫舞毯
1002006002,玩具|健身玩具|爬行垫、爬行毯
1002006003,玩具|健身玩具|儿童轮滑
1002006004,玩具|健身玩具|户外玩具
1002006005,玩具|健身玩具|戏水玩具
1002007001,玩具|动漫玩具|电影周边
1002007002,玩具|动漫玩具|卡通周边
1002007003,玩具|动漫玩具|网游周边
1002008001,玩具|益智玩具|摇铃、床铃
1002008002,玩具|益智玩具|健身架
1002008003,玩具|益智玩具|早教启智
1002008004,玩具|益智玩具|悠悠球
1002008005,玩具|益智玩具|多米诺骨牌
1002008006,玩具|益智玩具|拖拉玩具
1002008007,玩具|益智玩具|音乐玩具
1002009001,玩具|积木拼插|积木
1002009002,玩具|积木拼插|拼图、拼版
1002009003,玩具|积木拼插|磁力棒
1002009004,玩具|积木拼插|立体拼插
1002010001,玩具|DIY玩具|手工彩泥、橡皮泥
1002010002,玩具|DIY玩具|绘画工具
1002010003,玩具|DIY玩具|情景玩具
1002011001,玩具|创意减压|减压玩具
1002011002,玩具|创意减压|创意玩具
1003001001,乐器|乐器相关|钢琴
1003001003,乐器|乐器相关|手风琴
1003001005,乐器|乐器相关|民族管弦乐器
1003001006,乐器|乐器相关|民族吹奏乐器
1003001007,乐器|乐器相关|民族拉弦乐器
1003001008,乐器|乐器相关|民族弹拨乐器
1003001010,乐器|乐器相关|电子琴、数码钢琴、合成器
1003001011,乐器|乐器相关|西洋鼓
1003001012,乐器|乐器相关|古筝
1003001016,乐器|乐器相关|各式乐器配件
1003001017,乐器|乐器相关|电脑音乐
1003001018,乐器|乐器相关|工艺礼品乐器
1003001019,乐器|乐器相关|木琴
1003001020,乐器|乐器相关|民族打击乐器
1003001021,乐器|乐器相关|西洋管弦乐器
1003001022,乐器|乐器相关|西洋打击乐器
1004001001,汽车摩托|电子电器|便携GPS导航
1004001002,汽车摩托|电子电器|DVD导航
1004001003,汽车摩托|电子电器|嵌入式导航
1004001004,汽车摩托|电子电器|安全预警仪
1004001005,汽车摩托|电子电器|行车记录仪
1004001006,汽车摩托|电子电器|跟踪防盗器
1004001007,汽车摩托|电子电器|倒车雷达
1004001008,汽车摩托|电子电器|车载数字电视盒
1004001009,汽车摩托|电子电器|车载蓝牙
1004001010,汽车摩托|电子电器|车载影音
1004001011,汽车摩托|电子电器|车载保温箱
1004001012,汽车摩托|电子电器|车载净化器
1004001013,汽车摩托|电子电器|车载冰箱
1004001014,汽车摩托|电子电器|车载吸尘器
1004001015,汽车摩托|电子电器|车用充气泵
1004001016,汽车摩托|电子电器|胎压监测
1004001017,汽车摩托|电子电器|汽车空调
1004001018,汽车摩托|电子电器|车载电源
1004002001,汽车摩托|系统养护|机油
1004002002,汽车摩托|系统养护|添加剂
1004002003,汽车摩托|系统养护|防冻冷却液
1004002004,汽车摩托|系统养护|附属油
1004002005,汽车摩托|系统养护|底盘装甲
1004002006,汽车摩托|系统养护|清洗剂
1004002007,汽车摩托|系统养护|金属养护
1004003001,汽车摩托|改装配件|雨刷
1004003002,汽车摩托|改装配件|车灯
1004003003,汽车摩托|改装配件|轮胎
1004003004,汽车摩托|改装配件|贴膜
1004003005,汽车摩托|改装配件|装饰贴
1004003006,汽车摩托|改装配件|后视镜
1004003007,汽车摩托|改装配件|机油滤
1004003008,汽车摩托|改装配件|空气滤
1004003009,汽车摩托|改装配件|空调滤
1004003010,汽车摩托|改装配件|燃油滤
1004003011,汽车摩托|改装配件|火花塞
1004003012,汽车摩托|改装配件|喇叭
1004003013,汽车摩托|改装配件|刹车片
1004003014,汽车摩托|改装配件|刹车盘
1004003015,汽车摩托|改装配件|减震器
1004003016,汽车摩托|改装配件|车身装饰
1004003017,汽车摩托|改装配件|尾喉、排气管
1004003018,汽车摩托|改装配件|踏板
1004003019,汽车摩托|改装配件|蓄电池
1004004001,汽车摩托|汽车美容|漆面美容
1004004002,汽车摩托|汽车美容|漆面修复
1004004003,汽车摩托|汽车美容|内饰清洁
1004004004,汽车摩托|汽车美容|玻璃美容
1004004005,汽车摩托|汽车美容|补漆笔
1004004006,汽车摩托|汽车美容|轮胎轮毂清洗
1004004007,汽车摩托|汽车美容|洗车器
1004004008,汽车摩托|汽车美容|洗车水枪
1004004009,汽车摩托|汽车美容|洗车配件
1004004010,汽车摩托|汽车美容|洗车液
1004004011,汽车摩托|汽车美容|车掸
1004004012,汽车摩托|汽车美容|擦车巾、海绵
1004005001,汽车摩托|座垫脚垫|凉垫
1004005002,汽车摩托|座垫脚垫|四季垫
1004005003,汽车摩托|座垫脚垫|毛垫
1004005004,汽车摩托|座垫脚垫|专车专用座垫、专车专用座套
1004005006,汽车摩托|座垫脚垫|通用座套、通用座垫
1004005007,汽车摩托|座垫脚垫|多功能垫
1004005008,汽车摩托|座垫脚垫|专车专用脚垫
1004005009,汽车摩托|座垫脚垫|通用脚垫
1004005010,汽车摩托|座垫脚垫|后备箱垫
1004006001,汽车摩托|内饰精品|车用香水
1004006002,汽车摩托|内饰精品|车用炭包
1004006003,汽车摩托|内饰精品|空气净化
1004006004,汽车摩托|内饰精品|颈枕、头枕
1004006005,汽车摩托|内饰精品|抱枕、腰靠
1004006006,汽车摩托|内饰精品|方向盘套
1004006007,汽车摩托|内饰精品|挂件、摆件
1004006009,汽车摩托|内饰精品|布艺软饰
1004006010,汽车摩托|内饰精品|功能用品
1004006011,汽车摩托|内饰精品|整理收纳
1004006012,汽车摩托|内饰精品|CD夹
1004007001,汽车摩托|安全自驾|儿童安全座椅
1004007002,汽车摩托|安全自驾|应急救援
1004007003,汽车摩托|安全自驾|汽修工具
1004007004,汽车摩托|安全自驾|自驾野营
1004007005,汽车摩托|安全自驾|自驾照明
1004007006,汽车摩托|安全自驾|保温箱
1004007007,汽车摩托|安全自驾|置物箱
1004007008,汽车摩托|安全自驾|车衣
1004007009,汽车摩托|安全自驾|遮阳挡、雪挡
1004007010,汽车摩托|安全自驾|车锁、地锁
1004008001,汽车摩托|摩托车装备|沙滩车
1004008002,汽车摩托|摩托车装备|卡丁车
1004008003,汽车摩托|摩托车装备|越野摩托车
1004008004,汽车摩托|摩托车装备|街车
1004008005,汽车摩托|摩托车装备|电动摩托车
1004008006,汽车摩托|摩托车装备|摩托车配件
1004008007,汽车摩托|摩托车装备|摩托车骑士装备
1004008008,汽车摩托|摩托车装备|装饰养护
1004008009,汽车摩托|摩托车装备|头盔
1004008010,汽车摩托|摩托车装备|外壳
1004008011,汽车摩托|摩托车装备|维修工具
1005001004,健康运动、户外|户外装备|帐篷
1005001005,健康运动、户外|户外装备|睡袋
1005001006,健康运动、户外|户外装备|登山攀岩
1005001008,健康运动、户外|户外装备|户外照明
1005001009,健康运动、户外|户外装备|户外垫子、野餐垫、防潮垫
1005001010,健康运动、户外|户外装备|户外仪表
1005001011,健康运动、户外|户外装备|户外工具
1005001012,健康运动、户外|户外装备|望远镜
1005001013,健康运动、户外|户外装备|垂钓用品
1005001014,健康运动、户外|户外装备|旅游用品
1005001015,健康运动、户外|户外装备|便携家具
1005001016,健康运动、户外|户外装备|烧烤用品
1005001017,健康运动、户外|户外装备|野餐炊具
1005001018,健康运动、户外|户外装备|军迷用品
1005001019,健康运动、户外|户外装备|吊床
1005001020,健康运动、户外|户外装备|防护装备、救生装备
1005003001,健康运动、户外|瑜伽|瑜伽垫
1005003002,健康运动、户外|瑜伽|瑜伽服饰
1005003003,健康运动、户外|瑜伽|瑜伽配件
1005003005,健康运动、户外|瑜伽|舞蹈鞋服
1005004001,健康运动、户外|体育娱乐、健身|羽毛球
1005004002,健康运动、户外|体育娱乐、健身|乒乓球
1005004003,健康运动、户外|体育娱乐、健身|篮球
1005004004,健康运动、户外|体育娱乐、健身|足球
1005004005,健康运动、户外|体育娱乐、健身|网球
1005004006,健康运动、户外|体育娱乐、健身|排球
1005004007,健康运动、户外|体育娱乐、健身|高尔夫球
1005004008,健康运动、户外|体育娱乐、健身|棒球
1005004009,健康运动、户外|体育娱乐、健身|台球
1005004010,健康运动、户外|体育娱乐、健身|冰球、冰雪运动
1005004012,健康运动、户外|体育娱乐、健身|自行车
1005004013,健康运动、户外|体育娱乐、健身|单车、骑行运动
1005004014,健康运动、户外|体育娱乐、健身|跑步机、大型健身设备
1005004015,健康运动、户外|体育娱乐、健身|泳衣、游泳、游泳装备
1005004016,健康运动、户外|体育娱乐、健身|轮滑、滑板、极限运动
1005004017,健康运动、户外|体育娱乐、健身|舞蹈、健美操、体操
1005004019,健康运动、户外|体育娱乐、健身|踏步机、中小型健身器材
1005004020,健康运动、户外|体育娱乐、健身|跆拳道、武术、搏击
1005004021,健康运动、户外|体育娱乐、健身|跳舞毯
1005004022,健康运动、户外|体育娱乐、健身|跳绳、呼啦圈、民间运动
1005004023,健康运动、户外|体育娱乐、健身|麻将、棋牌、益智类
1005004024,健康运动、户外|体育娱乐、健身|飞镖、桌上足球、室内休闲
1005004025,健康运动、户外|体育娱乐、健身|风筝
1005004026,健康运动、户外|体育娱乐、健身|马术
1005004027,健康运动、户外|体育娱乐、健身|F1、赛车
1005004028,健康运动、户外|体育娱乐、健身|击剑
1005004029,健康运动、户外|体育娱乐、健身|赛事纪念品、球迷用品
1005004030,健康运动、户外|体育娱乐、健身|游乐场、体育场馆设施
1005004031,健康运动、户外|体育娱乐、健身|田径运动、田径运动器材
1005004033,健康运动、户外|体育娱乐、健身|裁判用品
1005004034,健康运动、户外|体育娱乐、健身|运动健身卡、会员卡
1005004036,健康运动、户外|体育娱乐、健身|运动护具
1005004037,健康运动、户外|体育娱乐、健身|壁球
1005005001,健康运动、户外|成人用品|安全避孕
1005005002,健康运动、户外|成人用品|女用器具
1005005003,健康运动、户外|成人用品|男用器具
1005005004,健康运动、户外|成人用品|情趣家具
1005005005,健康运动、户外|成人用品|验孕测孕
1005005006,健康运动、户外|成人用品|人体润滑
1005005007,健康运动、户外|成人用品|情爱玩具
1005005008,健康运动、户外|成人用品|情趣内衣
1005005009,健康运动、户外|成人用品|组合套装
1005006001,健康运动、户外|保健器械|养生器械
1005006002,健康运动、户外|保健器械|保健用品
1005006003,健康运动、户外|保健器械|康复辅助
1005006004,健康运动、户外|保健器械|家庭护理
1005007001,健康运动、户外|急救卫生|跌打损伤
1005007002,健康运动、户外|急救卫生|烫伤止痒
1005007003,健康运动、户外|急救卫生|防裂抗冻
1005007004,健康运动、户外|急救卫生|口腔咽部
1005007005,健康运动、户外|急救卫生|眼部保健
1005007006,健康运动、户外|急救卫生|鼻炎健康
1005007007,健康运动、户外|急救卫生|风湿骨痛
1005007008,健康运动、户外|急救卫生|生殖泌尿
1005007009,健康运动、户外|急救卫生|美体塑身
1005009003,健康运动、户外|运动鞋|跑步鞋
1005009004,健康运动、户外|运动鞋|篮球鞋
1005009005,健康运动、户外|运动鞋|足球鞋
1005009006,健康运动、户外|运动鞋|训练鞋
1005009007,健康运动、户外|运动鞋|羽毛球鞋
1005009008,健康运动、户外|运动鞋|板鞋
1005009012,健康运动、户外|运动鞋|工装鞋
1005009013,健康运动、户外|运动鞋|健身鞋
1005009014,健康运动、户外|运动鞋|网球鞋
1005009015,健康运动、户外|运动鞋|沙滩鞋
1005009016,健康运动、户外|运动鞋|凉鞋、拖鞋
1005009017,健康运动、户外|运动鞋|乒乓球鞋
1005009018,健康运动、户外|运动鞋|排球鞋
1005009020,健康运动、户外|运动鞋|棒球鞋
1005010001,健康运动、户外|运动服饰|运动套装
1005010002,健康运动、户外|运动服饰|运动夹克
1005010003,健康运动、户外|运动服饰|运动长裤
1005010004,健康运动、户外|运动服饰|运动卫衣、运动绒衫
1005010005,健康运动、户外|运动服饰|运动T恤
1005010006,健康运动、户外|运动服饰|运动棉衣
1005010007,健康运动、户外|运动服饰|运动羽绒服
1005010010,健康运动、户外|运动服饰|运动中长裤、运动短裤
1005010011,健康运动、户外|运动服饰|运动休闲马甲、运动背心
1005010012,健康运动、户外|运动服饰|运动polo衫
1005010016,健康运动、户外|运动服饰|运动连衣裙
1005010017,健康运动、户外|运动服饰|运动半身裙
1005010018,健康运动、户外|运动服饰|运动配件
1005010020,健康运动、户外|运动服饰|运动外套
1005011001,健康运动、户外|户外服饰|冲锋衣裤、冲锋套装
1005011003,健康运动、户外|户外服饰|抓绒衣裤、抓绒套装
1005011004,健康运动、户外|户外服饰|军迷服饰、军迷套装
1005011005,健康运动、户外|户外服饰|速干衣裤、速干套装
1005011006,健康运动、户外|户外服饰|风雪、雨衣
1005011007,健康运动、户外|户外服饰|滑雪服、滑雪套装、滑雪配饰
1005011008,健康运动、户外|户外服饰|保暖服
1005011009,健康运动、户外|户外服饰|户外袜、户外配饰
1005011010,健康运动、户外|户外服饰|头巾、遮耳
1005011011,健康运动、户外|户外服饰|内衣、内裤
1005011012,健康运动、户外|户外服饰|登山鞋
1005011013,健康运动、户外|户外服饰|徒步鞋
1005011016,健康运动、户外|户外服饰|溯溪鞋
1005011019,健康运动、户外|户外服饰|户外t恤、背心、马甲
1005011020,健康运动、户外|户外服饰|户外休闲衬衫
1005011021,健康运动、户外|户外服饰|户外休闲裤
1005011022,健康运动、户外|户外服饰|户外手套
1005011023,健康运动、户外|户外服饰|户外帽子
1005011024,健康运动、户外|户外服饰|雪地靴、滑雪鞋
1005012003,健康运动、户外|运动包、户外包|户外背包、登山包
1005012004,健康运动、户外|运动包、户外包|挎包
1005012005,健康运动、户外|运动包、户外包|拎包
1005012007,健康运动、户外|运动包、户外包|防水包
1005012008,健康运动、户外|运动包、户外包|军迷包
1005012009,健康运动、户外|运动包、户外包|防雨罩
1005012010,健康运动、户外|运动包、户外包|野餐包
1005012011,健康运动、户外|运动包、户外包|运动桶包
1006001001,珠宝|时尚饰品|项链、吊坠
1006001002,珠宝|时尚饰品|手链、脚链
1006001003,珠宝|时尚饰品|戒指、指环
1006001004,珠宝|时尚饰品|手镯
1006001005,珠宝|时尚饰品|耳饰
1006001006,珠宝|时尚饰品|头饰、发饰
1006001007,珠宝|时尚饰品|胸针
1006001008,珠宝|时尚饰品|婚庆饰品
1006001009,珠宝|时尚饰品|饰品配件
1006001010,珠宝|时尚饰品|饰品套装
1006001011,珠宝|时尚饰品|情侣对饰
1006002001,珠宝|纯金、K金饰品|吊坠、项链
1006002002,珠宝|纯金、K金饰品|手镯、手链、脚链
1006002003,珠宝|纯金、K金饰品|戒指、指环
1006002004,珠宝|纯金、K金饰品|耳饰
1006003001,珠宝|金银投资|工艺金
1006003002,珠宝|金银投资|工艺银
1006004001,珠宝|银饰|吊坠、项链
1006004002,珠宝|银饰|手镯、手链、脚链
1006004003,珠宝|银饰|戒指、指环
1006004004,珠宝|银饰|耳饰
1006004005,珠宝|银饰|宝宝金银
1006004006,珠宝|银饰|千足银
1006005001,珠宝|钻石饰品|裸钻
1006005002,珠宝|钻石饰品|戒指
1006005003,珠宝|钻石饰品|项链、吊坠
1006005004,珠宝|钻石饰品|耳饰
1006005005,珠宝|钻石饰品|手镯、手链
1006006001,珠宝|翡翠、玉石|项链、吊坠
1006006002,珠宝|翡翠、玉石|手镯、手串
1006006003,珠宝|翡翠、玉石|戒指
1006006004,珠宝|翡翠、玉石|耳饰
1006006005,珠宝|翡翠、玉石|挂件、摆件、把件
1006006006,珠宝|翡翠、玉石|高值收藏
1006007001,珠宝|水晶、玛瑙|项链、吊坠
1006007002,珠宝|水晶、玛瑙|耳饰
1006007003,珠宝|水晶、玛瑙|手镯、手链、脚链
1006007004,珠宝|水晶、玛瑙|戒指
1006007005,珠宝|水晶、玛瑙|头饰、发饰、胸针
1006007006,珠宝|水晶、玛瑙|摆件、挂件
1006008001,珠宝|宝石、珍珠|项链、吊坠
1006008002,珠宝|宝石、珍珠|耳饰
1006008003,珠宝|宝石、珍珠|手镯、手链
1006008004,珠宝|宝石、珍珠|戒指
1007001001,厨具|烹饪锅具|炒锅
1007001002,厨具|烹饪锅具|煎锅
1007001003,厨具|烹饪锅具|压力锅
1007001004,厨具|烹饪锅具|蒸锅
1007001005,厨具|烹饪锅具|汤锅
1007001006,厨具|烹饪锅具|奶锅
1007001007,厨具|烹饪锅具|平底锅
1007001008,厨具|烹饪锅具|套锅
1007001009,厨具|烹饪锅具|煲类
1007001011,厨具|烹饪锅具|厨用杂件
1007001012,厨具|烹饪锅具|砂锅、石锅
1007001013,厨具|烹饪锅具|打蛋器
1007001014,厨具|烹饪锅具|火锅
1007001015,厨具|烹饪锅具|炖锅
1007003001,厨具|刀、剪、菜板|单刀
1007003002,厨具|刀、剪、菜板|剪刀
1007003003,厨具|刀、剪、菜板|厨房套刀
1007003004,厨具|刀、剪、菜板|砧板
1007003005,厨具|刀、剪、菜板|刀具配件
1007003006,厨具|刀、剪、菜板|瓜果刨刀
1007003007,厨具|刀、剪、菜板|多功能刀
1007004001,厨具|收纳保鲜|保鲜盒
1007004002,厨具|收纳保鲜|保鲜膜、袋
1007004003,厨具|收纳保鲜|密封罐
1007004004,厨具|收纳保鲜|一次性饭盒
1007004005,厨具|收纳保鲜|饭盒、提锅
1007004006,厨具|收纳保鲜|调料器皿
1007004007,厨具|收纳保鲜|油壶
1007004008,厨具|收纳保鲜|米桶
1007004009,厨具|收纳保鲜|餐具笼、餐具架
1007005001,厨具|杯具、水壶|塑料杯
1007005002,厨具|杯具、水壶|纸杯
1007005003,厨具|杯具、水壶|运动水壶
1007005004,厨具|杯具、水壶|玻璃杯
1007005005,厨具|杯具、水壶|陶瓷杯
1007005006,厨具|杯具、水壶|保温杯、保温壶
1007005007,厨具|杯具、水壶|马克杯
1007005009,厨具|杯具、水壶|酒杯、酒杯套装
1007005010,厨具|杯具、水壶|防漏杯
1007005011,厨具|杯具、水壶|定制杯
1007005012,厨具|杯具、水壶|情侣杯
1007005013,厨具|杯具、水壶|酒具配件
1007006001,厨具|餐具|餐具套装
1007006002,厨具|餐具|中餐具
1007006003,厨具|餐具|西餐具
1007006004,厨具|餐具|碗、碟、盘
1007006005,厨具|餐具|筷子、勺、刀、叉
1007006006,厨具|餐具|一次性餐具
1007006007,厨具|餐具|果盘、果篮
1007007001,厨具|茶具、咖啡具|整套茶具
1007007002,厨具|茶具、咖啡具|功夫茶具
1007007003,厨具|茶具、咖啡具|茶杯
1007007004,厨具|茶具、咖啡具|茶壶
1007007005,厨具|茶具、咖啡具|茶盘、茶托
1007007006,厨具|茶具、咖啡具|茶叶罐
1007007007,厨具|茶具、咖啡具|茶具配件
1007007008,厨具|茶具、咖啡具|茶宠摆件
1007007009,厨具|茶具、咖啡具|咖啡器具
1007008001,厨具|厨房清洗用品|垃圾桶
1007008002,厨具|厨房清洗用品|围裙、套袖
1007008003,厨具|厨房清洗用品|家务手套
1007008004,厨具|厨房清洗用品|垃圾袋
1007008005,厨具|厨房清洗用品|锅刷、除油刷
1007008006,厨具|厨房清洗用品|百洁布、擦拭布、洗碗布
1007008007,厨具|厨房清洗用品|钢丝球、清洁刷
1007008008,厨具|厨房清洗用品|防油贴纸
1007008009,厨具|厨房清洗用品|厨房纸巾
1008001001,服饰、鞋、包|女装|T恤
1008001002,服饰、鞋、包|女装|衬衫
1008001003,服饰、鞋、包|女装|针织衫、毛衣
1008001004,服饰、鞋、包|女装|雪纺衫、蕾丝衫
1008001005,服饰、鞋、包|女装|卫衣
1008001006,服饰、鞋、包|女装|马甲、背心、吊带
1008001013,服饰、鞋、包|女装|西服
1008001014,服饰、鞋、包|女装|短外套
1008001015,服饰、鞋、包|女装|风衣
1008001016,服饰、鞋、包|女装|大衣
1008001017,服饰、鞋、包|女装|皮衣皮草
1008001018,服饰、鞋、包|女装|棉服
1008001019,服饰、鞋、包|女装|羽绒服
1008001020,服饰、鞋、包|女装|孕妇装
1008001023,服饰、鞋、包|女装|毛呢外套
1008001024,服饰、鞋、包|女装|绒衫
1008001026,服饰、鞋、包|女装|开衫
1008001029,服饰、鞋、包|女装|长袖T恤
1008001030,服饰、鞋、包|女装|长袖衬衫
1008001033,服饰、鞋、包|女装|婚纱
1008001051,服饰、鞋、包|女装|工作服
1008001052,服饰、鞋、包|女装|校服
1008001053,服饰、鞋、包|女装|唐装
1008001054,服饰、鞋、包|女装|民族装
1008001055,服饰、鞋、包|女装|舞台服装、演出服
1008001056,服饰、鞋、包|女装|礼服
1008001057,服饰、鞋、包|女装|旗袍
1008001062,服饰、鞋、包|女装|情侣衫
1008001063,服饰、鞋、包|女装|女士套装
1008001070,服饰、鞋、包|女装|打底衫
1008001071,服饰、鞋、包|女装|裤子
1008001072,服饰、鞋、包|女装|裙子
1008001073,服饰、鞋、包|女装|外套
1008001074,服饰、鞋、包|女装|夹克
1008001075,服饰、鞋、包|女装|披风、斗篷
1008001076,服饰、鞋、包|女装|上衣
1008001077,服饰、鞋、包|女装|连衣裙
1008001078,服饰、鞋、包|女装|半身裙
1008001079,服饰、鞋、包|女装|休闲裤
1008001080,服饰、鞋、包|女装|打底裤
1008001081,服饰、鞋、包|女装|短裤、七分裤
1008001082,服饰、鞋、包|女装|西装裤、正装裤
1008001083,服饰、鞋、包|女装|棉裤、羽绒裤
1008001084,服饰、鞋、包|女装|牛仔裤
1008001085,服饰、鞋、包|女装|工装裤
1008002001,服饰、鞋、包|男装|衬衫
1008002002,服饰、鞋、包|男装|T恤
1008002003,服饰、鞋、包|男装|POLO衫
1008002004,服饰、鞋、包|男装|针织衫、毛衣
1008002005,服饰、鞋、包|男装|羊绒衫、羊毛衫
1008002006,服饰、鞋、包|男装|卫衣、绒衫
1008002007,服饰、鞋、包|男装|马甲、背心
1008002008,服饰、鞋、包|男装|夹克
1008002010,服饰、鞋、包|男装|大衣、风衣
1008002011,服饰、鞋、包|男装|皮衣、皮草
1008002012,服饰、鞋、包|男装|外套
1008002013,服饰、鞋、包|男装|西服
1008002014,服饰、鞋、包|男装|棉服
1008002015,服饰、鞋、包|男装|羽绒服
1008002019,服饰、鞋、包|男装|西服套装
1008002022,服饰、鞋、包|男装|唐装
1008002037,服饰、鞋、包|男装|民族服装
1008002038,服饰、鞋、包|男装|制服
1008002039,服饰、鞋、包|男装|裤子
1008002040,服饰、鞋、包|男装|休闲裤
1008002041,服饰、鞋、包|男装|打底裤
1008002042,服饰、鞋、包|男装|短裤、七分裤
1008002043,服饰、鞋、包|男装|西装裤、正装裤
1008002044,服饰、鞋、包|男装|棉裤、羽绒裤
1008002045,服饰、鞋、包|男装|牛仔裤
1008002046,服饰、鞋、包|男装|工装裤
1008003001,服饰、鞋、包|内衣|文胸
1008003027,服饰、鞋、包|内衣|女收腹裤
1008003039,服饰、鞋、包|内衣|浴袍
1008003049,服饰、鞋、包|内衣|棉质内衣套装
1008003053,服饰、鞋、包|内衣|莫代尔内衣套装
1008003054,服饰、鞋、包|内衣|羊绒裤
1008003055,服饰、鞋、包|内衣|保暖背心
1008003056,服饰、鞋、包|内衣|莱卡内衣套装
1008003057,服饰、鞋、包|内衣|羊毛裤
1008003058,服饰、鞋、包|内衣|无缝美体内衣
1008003060,服饰、鞋、包|内衣|保暖开衫
1008003083,服饰、鞋、包|内衣|抹胸
1008003084,服饰、鞋、包|内衣|肚兜
1008003085,服饰、鞋、包|内衣|肩带
1008003086,服饰、鞋、包|内衣|隐形硅胶文胸、胸贴、乳贴
1008003087,服饰、鞋、包|内衣|吊袜群
1008003089,服饰、鞋、包|内衣|搭扣、防滑扣
1008003091,服饰、鞋、包|内衣|内裤
1008003092,服饰、鞋、包|内衣|睡衣、家居服
1008003093,服饰、鞋、包|内衣|保暖内衣
1008003094,服饰、鞋、包|内衣|袜子
1008003095,服饰、鞋、包|内衣|塑身衣
1008004001,服饰、鞋、包|女鞋|单鞋
1008004002,服饰、鞋、包|女鞋|帆布鞋
1008004006,服饰、鞋、包|女鞋|松糕鞋
1008004007,服饰、鞋、包|女鞋|超高跟鞋
1008004009,服饰、鞋、包|女鞋|尖头鞋
1008004010,服饰、鞋、包|女鞋|娃娃鞋
1008004011,服饰、鞋、包|女鞋|软底鞋
1008004013,服饰、鞋、包|女鞋|厚底鞋
1008004014,服饰、鞋、包|女鞋|花朵鞋
1008004015,服饰、鞋、包|女鞋|内增高鞋
1008004016,服饰、鞋、包|女鞋|豹纹鞋
1008004017,服饰、鞋、包|女鞋|铆钉鞋
1008004018,服饰、鞋、包|女鞋|靴子
1008004020,服饰、鞋、包|女鞋|高帮鞋
1008004028,服饰、鞋、包|女鞋|中跟鞋
1008004031,服饰、鞋、包|女鞋|低跟鞋
1008004033,服饰、鞋、包|女鞋|凉鞋、拖鞋
1008004034,服饰、鞋、包|女鞋|鱼嘴鞋
1008004042,服饰、鞋、包|女鞋|雨鞋、雨靴
1008004046,服饰、鞋、包|女鞋|洞洞鞋
1008004047,服饰、鞋、包|女鞋|大码女鞋
1008004048,服饰、鞋、包|女鞋|小码女鞋
1008004049,服饰、鞋、包|女鞋|高跟鞋
1008004050,服饰、鞋、包|女鞋|坡跟鞋
1008004051,服饰、鞋、包|女鞋|平跟鞋、平底鞋
1008004052,服饰、鞋、包|女鞋|鞋配件
1008005001,服饰、鞋、包|男鞋|日常休闲鞋
1008005003,服饰、鞋、包|男鞋|商务休闲鞋
1008005004,服饰、鞋、包|男鞋|休闲皮鞋
1008005005,服饰、鞋、包|男鞋|正装皮鞋
1008005006,服饰、鞋、包|男鞋|增高鞋
1008005007,服饰、鞋、包|男鞋|帆布鞋
1008005009,服饰、鞋、包|男鞋|懒人鞋
1008005010,服饰、鞋、包|男鞋|高帮鞋
1008005011,服饰、鞋、包|男鞋|雨鞋、雨靴
1008005012,服饰、鞋、包|男鞋|靴子
1008005019,服饰、鞋、包|男鞋|棉鞋
1008005020,服饰、鞋、包|男鞋|凉鞋、拖鞋
1008005028,服饰、鞋、包|男鞋|牛仔鞋
1008005029,服饰、鞋、包|男鞋|面包鞋
1008005030,服饰、鞋、包|男鞋|摇摇鞋
1008005033,服饰、鞋、包|男鞋|内增高鞋
1008005034,服饰、鞋、包|男鞋|大头鞋
1008005035,服饰、鞋、包|男鞋|鞋配件
1008006001,服饰、鞋、包|女包|单肩包
1008006002,服饰、鞋、包|女包|斜挎包
1008006003,服饰、鞋、包|女包|手提包
1008006004,服饰、鞋、包|女包|钱包
1008006005,服饰、鞋、包|女包|双肩包
1008006006,服饰、鞋、包|女包|真皮包
1008006007,服饰、鞋、包|女包|PU女包
1008006008,服饰、鞋、包|女包|帆布包
1008006016,服饰、鞋、包|女包|手拿包
1008007001,服饰、鞋、包|男包|钱包
1008007002,服饰、鞋、包|男包|单肩、斜跨包
1008007003,服饰、鞋、包|男包|双肩包
1008007005,服饰、鞋、包|男包|手拿包
1008007012,服饰、鞋、包|男包|真皮包
1008007013,服饰、鞋、包|男包|帆布包
1008008001,服饰、鞋、包|功能箱包|旅行包、旅行箱
1008008002,服饰、鞋、包|功能箱包|拉杆包、拉杆箱
1008008003,服饰、鞋、包|功能箱包|登机箱
1008008004,服饰、鞋、包|功能箱包|托运箱
1008008005,服饰、鞋、包|功能箱包|双肩包
1008008009,服饰、鞋、包|功能箱包|钱包、卡包、证件包
1008008010,服饰、鞋、包|功能箱包|钥匙包
1008008011,服饰、鞋、包|功能箱包|零钱包
1008008012,服饰、鞋、包|功能箱包|腰包、胸包
1008008013,服饰、鞋、包|功能箱包|箱包配件
1008008014,服饰、鞋、包|功能箱包|电脑包、摄影包、数码包
1008008016,服饰、鞋、包|功能箱包|商务公文包
1008008017,服饰、鞋、包|功能箱包|书包
1008009001,服饰、鞋、包|配饰|太阳镜、眼镜及配件
1008009002,服饰、鞋、包|配饰|框镜
1008009003,服饰、鞋、包|配饰|皮带
1008009004,服饰、鞋、包|配饰|围巾、围脖
1008009005,服饰、鞋、包|配饰|手套
1008009006,服饰、鞋、包|配饰|帽子
1008009007,服饰、鞋、包|配饰|领带、领结、领带夹
1008009008,服饰、鞋、包|配饰|袖扣、袖钉
1008009009,服饰、鞋、包|配饰|丝巾
1008009010,服饰、鞋、包|配饰|披肩
1008009011,服饰、鞋、包|配饰|手帕
1008009013,服饰、鞋、包|配饰|腰带
1008009014,服饰、鞋、包|配饰|腰链、腰封
1008009015,服饰、鞋、包|配饰|棒球帽
1008009016,服饰、鞋、包|配饰|耳套、耳罩
1008009017,服饰、鞋、包|配饰|遮阳帽
1008009018,服饰、鞋、包|配饰|防紫外线手套
1008009019,服饰、鞋、包|配饰|草帽
1008009020,服饰、鞋、包|配饰|钥匙扣
1008009021,服饰、鞋、包|配饰|口罩
1008009022,服饰、鞋、包|配饰|婚纱礼服配饰
1008009023,服饰、鞋、包|配饰|背带
1008009024,服饰、鞋、包|配饰|毛线、布面料
1010001001,礼品|礼品|火机、烟具
1010001002,礼品|礼品|礼品文具
1010001003,礼品|礼品|瑞士军刀
1010001004,礼品|礼品|收藏品
1010001005,礼品|礼品|工艺礼品
1010001006,礼品|礼品|创意礼品
1010001007,礼品|礼品|礼卡礼券
1010001008,礼品|礼品|鲜花绿植
1010001009,礼品|礼品|婚庆用品
1011001001,家用电器|大家电|平板电视
1011001002,家用电器|大家电|空调
1011001003,家用电器|大家电|冰箱
1011001004,家用电器|大家电|洗衣机
1011001005,家用电器|大家电|家庭影院
1011001006,家用电器|大家电|DVD播放机
1011001007,家用电器|大家电|迷你音响
1011001008,家用电器|大家电|烟机、灶具
1011001009,家用电器|大家电|热水器
1011001010,家用电器|大家电|锅炉设备
1011001011,家用电器|大家电|消毒柜、洗碗机
1011001012,家用电器|大家电|烟灶消套装
1011001013,家用电器|大家电|电热水龙头
1011001014,家用电器|大家电|小厨宝
1011001015,家用电器|大家电|酒柜、冰吧、冷柜
1011001016,家用电器|大家电|大家电配件
1011001017,家用电器|大家电|CRT、显像管电视
1011001018,家用电器|大家电|背投电视
1011001019,家用电器|大家电|迷你电视、车载电视
1011001020,家用电器|大家电|冷热箱
1011001021,家用电器|大家电|家电下乡
1011001023,家用电器|大家电|烘干机
1011002001,家用电器|生活电器|净化器、氧吧
1011002002,家用电器|生活电器|生活家电配件
1011002003,家用电器|生活电器|电风扇
1011002004,家用电器|生活电器|换气扇、排气扇
1011002005,家用电器|生活电器|吊扇
1011002006,家用电器|生活电器|吸尘器、扫地机
1011002007,家用电器|生活电器|加湿器
1011002008,家用电器|生活电器|毛球修剪器
1011002009,家用电器|生活电器|电热毯
1011002010,家用电器|生活电器|净水设备、饮水机
1011002011,家用电器|生活电器|冷风扇
1011002012,家用电器|生活电器|缝纫机
1011002013,家用电器|生活电器|挂烫机、电熨斗
1011002014,家用电器|生活电器|电话机
1011002015,家用电器|生活电器|收录机、收音机、录音机
1011002016,家用电器|生活电器|电子温湿度计
1011002017,家用电器|生活电器|干鞋器、擦鞋器
1011002018,家用电器|生活电器|除湿器、干衣机
1011002019,家用电器|生活电器|蒸汽刷、干洗刷
1011002020,家用电器|生活电器|蒸汽拖把、超声波清洁机、蒸汽清洁机
1011002022,家用电器|生活电器|空调扇
1011002023,家用电器|生活电器|保温碟、保温垫
1011002024,家用电器|生活电器|暖手宝、暖脚宝
1011002025,家用电器|生活电器|暖风机、取暖器
1011002026,家用电器|生活电器|电子灭蚊器
1011003001,家用电器|厨房电器|豆浆机
1011003002,家用电器|厨房电器|电饭煲
1011003003,家用电器|厨房电器|电压力锅
1011003004,家用电器|厨房电器|面包机
1011003005,家用电器|厨房电器|咖啡机
1011003006,家用电器|厨房电器|微波炉
1011003007,家用电器|厨房电器|电烤箱
1011003008,家用电器|厨房电器|电磁炉
1011003009,家用电器|厨房电器|电饼铛
1011003010,家用电器|厨房电器|煮蛋器、蒸蛋器
1011003011,家用电器|厨房电器|酸奶机
1011003012,家用电器|厨房电器|电炖锅、煮粥锅、文火炉
1011003013,家用电器|厨房电器|电水壶、热水瓶
1011003014,家用电器|厨房电器|多用途锅、果蔬解毒机
1011003015,家用电器|厨房电器|榨汁机
1011003016,家用电器|厨房电器|厨房家电配件
1011003017,家用电器|厨房电器|商用厨电
1011003018,家用电器|厨房电器|搅拌机、料理机
1011003019,家用电器|厨房电器|保健壶、养生壶、煎药壶
1011003020,家用电器|厨房电器|电火锅、电蒸锅
1011003021,家用电器|厨房电器|电动打蛋器
1011003022,家用电器|厨房电器|电热饭盒
1011003023,家用电器|厨房电器|豆芽机
1011003024,家用电器|厨房电器|多士炉
1011003025,家用电器|厨房电器|定时器、提醒器
1011003029,家用电器|厨房电器|茶饮机
1011003030,家用电器|厨房电器|光波炉
1011003031,家用电器|厨房电器|三明治机
1011003032,家用电器|厨房电器|烧烤炉、烧烤盘
1011003033,家用电器|厨房电器|刨冰机、碎冰机
1011003034,家用电器|厨房电器|绞肉机、碎肉宝
1011003035,家用电器|厨房电器|面条机、压面机
1011003036,家用电器|厨房电器|电陶炉
1011003037,家用电器|厨房电器|冰淇淋机
1011003038,家用电器|厨房电器|电炸锅
1011004001,家用电器|个护保健|剃须刀
1011004002,家用电器|个护保健|剃毛器、脱毛器
1011004003,家用电器|个护保健|口腔护理
1011004004,家用电器|个护保健|电吹风
1011004005,家用电器|个护保健|美容器
1011004006,家用电器|个护保健|美发器
1011004007,家用电器|个护保健|按摩椅
1011004008,家用电器|个护保健|按摩器
1011004009,家用电器|个护保健|按摩足疗机
1011004010,家用电器|个护保健|腰颈按摩枕、靠垫
1011004011,家用电器|个护保健|艾条、艾绒、艾柱
1011004012,家用电器|个护保健|足浴器
1011004013,家用电器|个护保健|血压计
1011004014,家用电器|个护保健|体重秤、健康秤、厨房秤
1011004015,家用电器|个护保健|血糖仪
1011004016,家用电器|个护保健|体温计
1011004017,家用电器|个护保健|计步器、脂肪检测仪
1011004018,家用电器|个护保健|理发器
1011004019,家用电器|个护保健|鼻毛修剪器
1011004020,家用电器|个护保健|保健护膝、护腰、护腿
1011004021,家用电器|个护保健|胎心仪
1011005001,家用电器|五金家装|电动工具
1011005002,家用电器|五金家装|手动工具
1011005003,家用电器|五金家装|气动工具
1011005004,家用电器|五金家装|仪器仪表
1011005005,家用电器|五金家装|浴霸
1011005008,家用电器|五金家装|洁身器
1011005010,家用电器|五金家装|龙头
1011005011,家用电器|五金家装|淋浴花洒
1011005012,家用电器|五金家装|厨卫五金
1011005013,家用电器|五金家装|家用五金
1011005014,家用电器|五金家装|家具五金
1011005015,家用电器|五金家装|门铃
1011005016,家用电器|五金家装|电气开关
1011005017,家用电器|五金家装|插座
1011005018,家用电器|五金家装|电工电料
1011005019,家用电器|五金家装|监控安防
1011005020,家用电器|五金家装|电线、线材
1012001001,电脑、软件、办公|电脑整机|笔记本
1012001002,电脑、软件、办公|电脑整机|超极本
1012001003,电脑、软件、办公|电脑整机|游戏本
1012001004,电脑、软件、办公|电脑整机|平板电脑
1012001006,电脑、软件、办公|电脑整机|掌上电脑、PDA
1012001007,电脑、软件、办公|电脑整机|台式机
1012001008,电脑、软件、办公|电脑整机|服务器
1012002001,电脑、软件、办公|电脑配件|CPU
1012002002,电脑、软件、办公|电脑配件|主板
1012002003,电脑、软件、办公|电脑配件|显卡
1012002004,电脑、软件、办公|电脑配件|硬盘
1012002005,电脑、软件、办公|电脑配件|笔记本硬盘
1012002006,电脑、软件、办公|电脑配件|SSD固态硬盘
1012002007,电脑、软件、办公|电脑配件|硬盘盒
1012002008,电脑、软件、办公|电脑配件|台式机内存、笔记本内存
1012002009,电脑、软件、办公|电脑配件|机箱
1012002010,电脑、软件、办公|电脑配件|电源
1012002011,电脑、软件、办公|电脑配件|显示器、CRT显示器
1012002012,电脑、软件、办公|电脑配件|刻录机、光驱
1012002013,电脑、软件、办公|电脑配件|散热器
1012002014,电脑、软件、办公|电脑配件|小风扇
1012002015,电脑、软件、办公|电脑配件|声卡、扩展卡
1012002016,电脑、软件、办公|电脑配件|装机配件
1012002017,电脑、软件、办公|电脑配件|平板电脑配件
1012002018,电脑、软件、办公|电脑配件|笔记本配件
1012003001,电脑、软件、办公|外设产品|鼠标、无线鼠标、有线鼠标
1012003002,电脑、软件、办公|外设产品|键盘
1012003003,电脑、软件、办公|外设产品|移动硬盘
1012003004,电脑、软件、办公|外设产品|U盘
1012003005,电脑、软件、办公|外设产品|摄像头
1012003006,电脑、软件、办公|外设产品|多媒体音箱
1012003008,电脑、软件、办公|外设产品|网络播放器
1012003009,电脑、软件、办公|外设产品|图文信息、采集卡
1012003010,电脑、软件、办公|外设产品|外置盒
1012003011,电脑、软件、办公|外设产品|游戏设备
1012003012,电脑、软件、办公|外设产品|电视卡、电视盒
1012003013,电脑、软件、办公|外设产品|appleTV、苹果TV
1012003014,电脑、软件、办公|外设产品|手写板、绘图板
1012003015,电脑、软件、办公|外设产品|绘图板配件
1012003016,电脑、软件、办公|外设产品|鼠标垫、贴、腕垫
1012003017,电脑、软件、办公|外设产品|软驱
1012003019,电脑、软件、办公|外设产品|UPS电源
1012003020,电脑、软件、办公|外设产品|线缆
1012003021,电脑、软件、办公|外设产品|电脑工具
1012003022,电脑、软件、办公|外设产品|电脑清洁
1012003023,电脑、软件、办公|外设产品|CMMB设备
1012004001,电脑、软件、办公|网络产品|路由器、猫、网卡配件
1012004002,电脑、软件、办公|网络产品|无线路由器、3G无线路由器
1012004003,电脑、软件、办公|网络产品|ADSLMODEM、宽带猫
1012004004,电脑、软件、办公|网络产品|电力猫
1012004005,电脑、软件、办公|网络产品|网卡
1012004006,电脑、软件、办公|网络产品|交换机
1012004007,电脑、软件、办公|网络产品|网络存储
1012004008,电脑、软件、办公|网络产品|3G上网
1012004009,电脑、软件、办公|网络产品|网络盒子
1012004010,电脑、软件、办公|网络产品|网络测试仪
1012004012,电脑、软件、办公|网络产品|光纤设备
1012004013,电脑、软件、办公|网络产品|宽带设备
1012004014,电脑、软件、办公|网络产品|网络设备、网络工具
1012004015,电脑、软件、办公|网络产品|机柜
1012004016,电脑、软件、办公|网络产品|机房布线
1012004018,电脑、软件、办公|网络产品|无线网络
1012004019,电脑、软件、办公|网络产品|语音视频
1012004020,电脑、软件、办公|网络产品|无线高清
1012004021,电脑、软件、办公|网络产品|光端机
1012004022,电脑、软件、办公|网络产品|防火墙
1012004023,电脑、软件、办公|网络产品|网关
1012004024,电脑、软件、办公|网络产品|网络安全
1012005001,电脑、软件、办公|办公打印|打印机
1012005002,电脑、软件、办公|办公打印|复印机
1012005003,电脑、软件、办公|办公打印|一体机
1012005004,电脑、软件、办公|办公打印|投影机
1012005005,电脑、软件、办公|办公打印|投影配件
1012005006,电脑、软件、办公|办公打印|传真机、通讯设备
1012005007,电脑、软件、办公|办公打印|复合机
1012005008,电脑、软件、办公|办公打印|碎纸机
1012005009,电脑、软件、办公|办公打印|扫描仪
1012005010,电脑、软件、办公|办公打印|墨盒
1012005011,电脑、软件、办公|办公打印|硒鼓、粉盒
1012005012,电脑、软件、办公|办公打印|墨粉、碳粉
1012005013,电脑、软件、办公|办公打印|色带、碳带
1012005014,电脑、软件、办公|办公打印|办公文具
1012005015,电脑、软件、办公|办公打印|文件管理
1012005016,电脑、软件、办公|办公打印|墨水
1012005017,电脑、软件、办公|办公打印|油墨
1012005018,电脑、软件、办公|办公打印|笔类
1012005019,电脑、软件、办公|办公打印|纸类
1012005020,电脑、软件、办公|办公打印|本册、便签
1012005021,电脑、软件、办公|办公打印|学生文具
1012005022,电脑、软件、办公|办公打印|财务用品
1012005023,电脑、软件、办公|办公打印|计算器
1012005024,电脑、软件、办公|办公打印|激光笔
1012005025,电脑、软件、办公|办公打印|白板、封装
1012005026,电脑、软件、办公|办公打印|考勤机
1012005027,电脑、软件、办公|办公打印|刻录碟片、附件
1012005028,电脑、软件、办公|办公打印|刻字机
1012005029,电脑、软件、办公|办公打印|条码扫描、采集器材
1012005030,电脑、软件、办公|办公打印|点钞机、验钞机、收款机
1012005031,电脑、软件、办公|办公打印|支付设备、POS机
1012005033,电脑、软件、办公|办公打印|呼叫设备、会议设备
1012005034,电脑、软件、办公|办公打印|保险柜
1012005035,电脑、软件、办公|办公打印|办公家具
1012005036,电脑、软件、办公|办公打印|包装设备、包装用品
1012006001,电脑、软件、办公|服务产品|上门服务
1012006002,电脑、软件、办公|服务产品|远程服务
1012006003,电脑、软件、办公|服务产品|电脑软件
1013001001,个护化妆|面部护理|洁面乳
1013001002,个护化妆|面部护理|化妆水、爽肤水
1013001003,个护化妆|面部护理|面部精华
1013001004,个护化妆|面部护理|乳液、面霜
1013001005,个护化妆|面部护理|面膜、面贴
1013001006,个护化妆|面部护理|眼部护理
1013001007,个护化妆|面部护理|颈部护理
1013001008,个护化妆|面部护理|T区护理、特殊护理
1013001009,个护化妆|面部护理|护肤套装
1013001010,个护化妆|面部护理|防晒、修复
1013001011,个护化妆|面部护理|唇部护理
1013001012,个护化妆|面部护理|面部磨砂、去角质
1013001013,个护化妆|面部护理|面部按摩霜
1013001014,个护化妆|面部护理|啫哩、凝露、凝胶
1013001015,个护化妆|面部护理|精油
1013002001,个护化妆|身体护理|洗发、护发
1013002002,个护化妆|身体护理|染发、造型
1013002003,个护化妆|身体护理|沐浴乳、沐浴露
1013002004,个护化妆|身体护理|身体磨砂、浴盐
1013002005,个护化妆|身体护理|身体乳液、霜
1013002006,个护化妆|身体护理|手工皂、香皂
1013002007,个护化妆|身体护理|香薰精油
1013002008,个护化妆|身体护理|纤体瘦身
1013002010,个护化妆|身体护理|脱毛膏、除毛凝胶
1013002011,个护化妆|身体护理|爽身粉、痱子粉
1013002012,个护化妆|身体护理|手足护理
1013002013,个护化妆|身体护理|洗护套装
1013002014,个护化妆|身体护理|胸部护理
1013002015,个护化妆|身体护理|足部磨砂
1013002016,个护化妆|身体护理|身体按摩
1013002017,个护化妆|身体护理|止汗露、走珠
1013002018,个护化妆|身体护理|身体喷雾
1013002019,个护化妆|身体护理|止汗喷雾
1013002020,个护化妆|身体护理|足贴、足霜
1013002021,个护化妆|身体护理|身体洗护工具
1013003001,个护化妆|口腔护理|牙膏、牙粉
1013003002,个护化妆|口腔护理|牙刷、牙线
1013003003,个护化妆|口腔护理|漱口水
1013003004,个护化妆|口腔护理|喷雾剂
1013003005,个护化妆|口腔护理|口腔护理套装
1013003006,个护化妆|口腔护理|舌苔清洁
1013004001,个护化妆|女性护理|卫生巾
1013004002,个护化妆|女性护理|卫生护垫
1013004003,个护化妆|女性护理|洗液、女性护理液
1013004004,个护化妆|女性护理|美容食品
1013004005,个护化妆|女性护理|女性湿巾
1013005001,个护化妆|男士护理|脸部护理
1013005002,个护化妆|男士护理|眼部护理
1013005003,个护化妆|男士护理|身体护理
1013005004,个护化妆|男士护理|剃须护理
1013005005,个护化妆|男士护理|防脱洗护
1013005006,个护化妆|男士护理|男士唇膏
1013005007,个护化妆|男士护理|男士护理套装
1013006001,个护化妆|彩妆|粉底、遮瑕
1013006002,个护化妆|彩妆|隔离、妆前、打底
1013006003,个护化妆|彩妆|BB霜、CC霜
1013006004,个护化妆|彩妆|粉饼、蜜粉、散粉
1013006005,个护化妆|彩妆|修颜、高光、阴影粉
1013006006,个护化妆|彩妆|腮红、胭脂
1013006007,个护化妆|彩妆|眼影、眼线
1013006008,个护化妆|彩妆|眉笔、眉粉、眉饼
1013006009,个护化妆|彩妆|睫毛膏、睫毛增长液
1013006010,个护化妆|彩妆|假睫毛、假睫毛工具
1013006011,个护化妆|彩妆|双眼皮贴、胶水
1013006012,个护化妆|彩妆|唇膏、口红
1013006013,个护化妆|彩妆|唇彩、唇蜜
1013006014,个护化妆|彩妆|唇笔、唇线笔
1013006015,个护化妆|彩妆|彩妆组合
1013006016,个护化妆|彩妆|化妆包、刷包、洗漱包
1013006017,个护化妆|彩妆|卸妆
1013006018,个护化妆|彩妆|指甲油、美甲产品
1013006019,个护化妆|彩妆|彩妆工具
1013006020,个护化妆|彩妆|身体彩绘
1013006021,个护化妆|彩妆|男士彩妆
1013006022,个护化妆|彩妆|假发
1013007001,个护化妆|香水SPA|女士香水
1013007002,个护化妆|香水SPA|男士香水
1013007003,个护化妆|香水SPA|香水SPA组合套装
1013007004,个护化妆|香水SPA|迷你香水
1013007005,个护化妆|香水SPA|香体走珠
1013007006,个护化妆|香水SPA|中性香水
1014005001,钟表|钟|挂钟
1014005002,钟表|钟|闹钟
1014005003,钟表|钟|座钟
1014005004,钟表|钟|立式钟、落地钟
1014005005,钟表|钟|电子钟
1014005006,钟表|钟|投影钟
1014005007,钟表|钟|LED钟
1014005008,钟表|钟|无框画钟
1014007001,钟表|手表|男表
1014007002,钟表|手表|女表
1014007003,钟表|手表|情侣表
1014007004,钟表|手表|机械表
1014007005,钟表|手表|石英表
1014007006,钟表|手表|商务手表
1014007007,钟表|手表|运动手表
1014007008,钟表|手表|儿童手表
1014007009,钟表|手表|人动电能表
1014007010,钟表|手表|电子表
1015001001,母婴童|奶粉|品牌奶粉
1015001002,母婴童|奶粉|妈妈奶粉
1015001003,母婴童|奶粉|1段奶粉
1015001004,母婴童|奶粉|2段奶粉
1015001005,母婴童|奶粉|3段奶粉
1015001006,母婴童|奶粉|4段奶粉
1015001007,母婴童|奶粉|羊奶粉
1015001008,母婴童|奶粉|豆奶粉
1015001009,母婴童|奶粉|特殊配方奶粉
1015001010,母婴童|奶粉|牛奶粉
1015002001,母婴童|营养辅食|婴幼营养
1015002002,母婴童|营养辅食|初乳
1015002003,母婴童|营养辅食|米粉、菜粉、水果粉、肉粉、汤粥
1015002004,母婴童|营养辅食|果泥、菜泥、肉泥
1015002007,母婴童|营养辅食|辅食
1015002008,母婴童|营养辅食|孕期营养
1015002009,母婴童|营养辅食|清火、开胃
1015002011,母婴童|营养辅食|磨牙棒
1015003001,母婴童|尿裤湿巾|品牌尿裤
1015003002,母婴童|尿裤湿巾|新生儿
1015003007,母婴童|尿裤湿巾|裤型尿裤
1015003008,母婴童|尿裤湿巾|湿巾
1015003009,母婴童|尿裤湿巾|尿布、尿垫
1015003010,母婴童|尿裤湿巾|成人尿裤
1015003011,母婴童|尿裤湿巾|纸尿裤
1015004001,母婴童|喂养用品|奶瓶
1015004002,母婴童|喂养用品|奶嘴
1015004003,母婴童|喂养用品|吸奶器
1015004004,母婴童|喂养用品|暖奶器、消毒锅
1015004005,母婴童|喂养用品|餐具
1015004007,母婴童|喂养用品|食品研磨器
1015004008,母婴童|喂养用品|喂药器
1015004009,母婴童|喂养用品|牙胶、安抚
1015004010,母婴童|喂养用品|吸管
1015004011,母婴童|喂养用品|辅助用品
1015004012,母婴童|喂养用品|口水巾、围嘴、饭兜
1015004013,母婴童|喂养用品|奶瓶刷
1015004014,母婴童|喂养用品|调奶器
1015004015,母婴童|喂养用品|吸汗巾、垫背巾
1015005001,母婴童|洗护用品|宝宝护肤
1015005002,母婴童|洗护用品|洗浴用品
1015005004,母婴童|洗护用品|清洁用品
1015005005,母婴童|洗护用品|护理用品
1015005006,母婴童|洗护用品|妈妈护肤
1015006001,母婴童|童车童床|婴儿推车
1015006002,母婴童|童车童床|餐椅、摇椅
1015006003,母婴童|童车童床|童床、婴儿床
1015006004,母婴童|童车童床|幼儿园专用床
1015006005,母婴童|童车童床|摇篮
1015006006,母婴童|童车童床|学步车
1015006007,母婴童|童车童床|三轮车
1015006008,母婴童|童车童床|儿童自行车
1015006009,母婴童|童车童床|电动车
1015006010,母婴童|童车童床|健身车
1015006011,母婴童|童车童床|安全座椅
1015007001,母婴童|服饰寝居、童装、童鞋|外出服
1015007002,母婴童|服饰寝居、童装、童鞋|连身衣、爬服、哈衣
1015007003,母婴童|服饰寝居、童装、童鞋|大pp裤
1015007004,母婴童|服饰寝居、童装、童鞋|步前鞋、学步鞋
1015007005,母婴童|服饰寝居、童装、童鞋|披风、斗篷
1015007006,母婴童|服饰寝居、童装、童鞋|内衣、家居服
1015007007,母婴童|服饰寝居、童装、童鞋|肚兜、肚围、护脐
1015007008,母婴童|服饰寝居、童装、童鞋|礼盒
1015007009,母婴童|服饰寝居、童装、童鞋|帽子、围巾、袜子、手套
1015007010,母婴童|服饰寝居、童装、童鞋|罩衣、袖套
1015007011,母婴童|服饰寝居、童装、童鞋|棉衣、羽绒服
1015007012,母婴童|服饰寝居、童装、童鞋|大衣、风衣
1015007013,母婴童|服饰寝居、童装、童鞋|外套、开衫、夹克
1015007014,母婴童|服饰寝居、童装、童鞋|裤子、牛仔裤
1015007015,母婴童|服饰寝居、童装、童鞋|儿童套装、婴儿套装
1015007016,母婴童|服饰寝居、童装、童鞋|毛衣、针织衫
1015007017,母婴童|服饰寝居、童装、童鞋|卫衣、绒衫
1015007018,母婴童|服饰寝居、童装、童鞋|T恤
1015007019,母婴童|服饰寝居、童装、童鞋|裙子、连衣裙、半身裙
1015007020,母婴童|服饰寝居、童装、童鞋|靴子、雪地靴
1015007021,母婴童|服饰寝居、童装、童鞋|运动鞋、球鞋
1015007022,母婴童|服饰寝居、童装、童鞋|皮鞋
1015007023,母婴童|服饰寝居、童装、童鞋|棉鞋
1015007025,母婴童|服饰寝居、童装、童鞋|秋衣、棉毛裤衫
1015007026,母婴童|服饰寝居、童装、童鞋|安全防护
1015007027,母婴童|服饰寝居、童装、童鞋|家居床品
1015007029,母婴童|服饰寝居、童装、童鞋|上衣
1015007033,母婴童|服饰寝居、童装、童鞋|马甲、背心、吊带
1015007034,母婴童|服饰寝居、童装、童鞋|配饰
1015007037,母婴童|服饰寝居、童装、童鞋|衬衫
1015007040,母婴童|服饰寝居、童装、童鞋|亲子装
1015007041,母婴童|服饰寝居、童装、童鞋|唐装、礼服、演出服
1015007042,母婴童|服饰寝居、童装、童鞋|单鞋
1015007043,母婴童|服饰寝居、童装、童鞋|凉鞋、拖鞋
1015007044,母婴童|服饰寝居、童装、童鞋|功能鞋
1015007045,母婴童|服饰寝居、童装、童鞋|西服、小西装
1015007046,母婴童|服饰寝居、童装、童鞋|帆布鞋
1015007047,母婴童|服饰寝居、童装、童鞋|户外服、运动服
1015007048,母婴童|服饰寝居、童装、童鞋|校服
1015007049,母婴童|服饰寝居、童装、童鞋|亲子鞋
1015008001,母婴童|妈妈专区|背巾、背带、腰凳
1015008002,母婴童|妈妈专区|妈妈护理
1015008003,母婴童|妈妈专区|产后塑身、产后修复
1015008004,母婴童|妈妈专区|孕妇内衣
1015008005,母婴童|妈妈专区|防辐射服
1015008006,母婴童|妈妈专区|排卵试纸、早孕检测
1015008007,母婴童|妈妈专区|叶酸、钙铁锌
1015008008,母婴童|妈妈专区|孕妇上装、孕妇套装
1015008009,母婴童|妈妈专区|孕妇裤装、裙装
1015008010,母婴童|妈妈专区|孕妇食品
1015008012,母婴童|妈妈专区|待产包
1015008013,母婴童|妈妈专区|护腰带、托腹带
1015008014,母婴童|妈妈专区|产检裤
1015008015,母婴童|妈妈专区|妈咪包
1015008016,母婴童|妈妈专区|月子餐、月子食用油
1015008017,母婴童|妈妈专区|孕妇鞋
1016001001,食品饮料、保健食品|地方特产|华北地区
1016001002,食品饮料、保健食品|地方特产|西北地区
1016001003,食品饮料、保健食品|地方特产|西南地区
1016001004,食品饮料、保健食品|地方特产|东北地区
1016001005,食品饮料、保健食品|地方特产|华南地区
1016001006,食品饮料、保健食品|地方特产|华东地区
1016001007,食品饮料、保健食品|地方特产|华中地区
1016001008,食品饮料、保健食品|地方特产|港澳台
1016002001,食品饮料、保健食品|进口食品|饼干蛋糕
1016002002,食品饮料、保健食品|进口食品|糖果巧克力
1016002003,食品饮料、保健食品|进口食品|休闲零食
1016002004,食品饮料、保健食品|进口食品|冲调饮品
1016002005,食品饮料、保健食品|进口食品|粮油调味
1016003001,食品饮料、保健食品|粮油调味|米面杂粮、主食
1016003002,食品饮料、保健食品|粮油调味|食用油
1016003003,食品饮料、保健食品|粮油调味|粗粮
1016003004,食品饮料、保健食品|粮油调味|南北干货、菌菇干货
1016003005,食品饮料、保健食品|粮油调味|腊味
1016003006,食品饮料、保健食品|粮油调味|调味品、调味酱、调味油
1016003007,食品饮料、保健食品|粮油调味|方便食品
1016003008,食品饮料、保健食品|粮油调味|烘焙辅料、烘焙添加剂
1016003009,食品饮料、保健食品|粮油调味|面条、挂面、粥
1016004001,食品饮料、保健食品|休闲食品|巧克力、DIY巧克力
1016004002,食品饮料、保健食品|休闲食品|饼干糕点、膨化食品
1016004003,食品饮料、保健食品|休闲食品|坚果炒货
1016004004,食品饮料、保健食品|休闲食品|肉干、肉脯、肉松、豆干、肉类
1016004005,食品饮料、保健食品|休闲食品|蜜饯果脯
1016004006,食品饮料、保健食品|休闲食品|糖果、果冻、布丁
1016004007,食品饮料、保健食品|休闲食品|奶酪、乳品
1016004008,食品饮料、保健食品|休闲食品|鱿鱼、鱼干、海味即食
1016004009,食品饮料、保健食品|休闲食品|冰淇淋
1016005001,食品饮料、保健食品|中外名酒|白酒
1016005002,食品饮料、保健食品|中外名酒|洋酒
1016005003,食品饮料、保健食品|中外名酒|葡萄酒、红酒
1016005004,食品饮料、保健食品|中外名酒|啤酒
1016005005,食品饮料、保健食品|中外名酒|黄酒
1016005006,食品饮料、保健食品|中外名酒|保健酒、药酒
1016005007,食品饮料、保健食品|中外名酒|果酒
1016006001,食品饮料、保健食品|饮料冲调|水
1016006002,食品饮料、保健食品|饮料冲调|饮料、果汁
1016006003,食品饮料、保健食品|饮料冲调|乳制品
1016006004,食品饮料、保健食品|饮料冲调|成人奶粉
1016006005,食品饮料、保健食品|饮料冲调|柚子茶、冲饮品
1016006006,食品饮料、保健食品|饮料冲调|茶叶
1016006007,食品饮料、保健食品|饮料冲调|咖啡、奶茶
1016006009,食品饮料、保健食品|饮料冲调|天然粉粉食品
1016006010,食品饮料、保健食品|饮料冲调|蜂蜜、蜂产品
1016007001,食品饮料、保健食品|营养健康|基础营养
1016007002,食品饮料、保健食品|营养健康|美体养颜
1016007003,食品饮料、保健食品|营养健康|滋补调养
1016007004,食品饮料、保健食品|营养健康|骨骼健康
1016007005,食品饮料、保健食品|营养健康|保健茶饮
1016007006,食品饮料、保健食品|营养健康|成分保健
1016007007,食品饮料、保健食品|营养健康|无糖食品
1016007008,食品饮料、保健食品|营养健康|维生素、矿物质
1016007009,食品饮料、保健食品|营养健康|蛋白质、氨基酸、蛋白粉
1016007010,食品饮料、保健食品|营养健康|脂肪酸、脂类
1016007011,食品饮料、保健食品|营养健康|植物精华、提取物
1016007012,食品饮料、保健食品|营养健康|动物精华、提取物
1016007013,食品饮料、保健食品|营养健康|海洋生物类
1016007014,食品饮料、保健食品|营养健康|膳食纤维、碳水化合物
1016007015,食品饮料、保健食品|营养健康|菌、菇、发酵生物类
1016007016,食品饮料、保健食品|营养健康|功能复合型膳食营养
1016007017,食品饮料、保健食品|营养健康|左旋肉碱
1016007018,食品饮料、保健食品|营养健康|DHA、EPA、DPA
1016007019,食品饮料、保健食品|营养健康|益生菌
1016007020,食品饮料、保健食品|营养健康|葡萄糖
1016007021,食品饮料、保健食品|营养健康|阿胶、阿胶膏、固元膏
1016007022,食品饮料、保健食品|营养健康|枸杞
1016007023,食品饮料、保健食品|营养健康|西洋参、人参、山参
1016007024,食品饮料、保健食品|营养健康|灵芝
1016007025,食品饮料、保健食品|营养健康|燕窝
1016007026,食品饮料、保健食品|营养健康|冬虫夏草
1016008001,食品饮料、保健食品|亚健康调理|调节三高
1016008002,食品饮料、保健食品|亚健康调理|心脑养护
1016008003,食品饮料、保健食品|亚健康调理|改善睡眠
1016008004,食品饮料、保健食品|亚健康调理|肝肾养护
1016008005,食品饮料、保健食品|亚健康调理|免疫调节
1016008006,食品饮料、保健食品|亚健康调理|更多调理
1016009001,食品饮料、保健食品|健康礼品|参茸礼品
1016009002,食品饮料、保健食品|健康礼品|更多礼品
1016010001,食品饮料、保健食品|生鲜食品、熟食|水果
1016010002,食品饮料、保健食品|生鲜食品、熟食|蔬菜
1016010003,食品饮料、保健食品|生鲜食品、熟食|海鲜水产
1016010004,食品饮料、保健食品|生鲜食品、熟食|禽蛋
1016010005,食品饮料、保健食品|生鲜食品、熟食|鲜肉
1016010006,食品饮料、保健食品|生鲜食品、熟食|加工类肉食
1016010007,食品饮料、保健食品|生鲜食品、熟食|冻品
1016010008,食品饮料、保健食品|生鲜食品、熟食|半成品
1016010009,食品饮料、保健食品|生鲜食品、熟食|熟食
1016010010,食品饮料、保健食品|生鲜食品、熟食|罐头食品
1016010011,食品饮料、保健食品|生鲜食品、熟食|凉拌菜
1016010012,食品饮料、保健食品|生鲜食品、熟食|腌制品
1016011001,食品饮料、保健食品|有机食品|有机滋补品
1016011002,食品饮料、保健食品|有机食品|有机零食、有机坚果、有机特产
1016011003,食品饮料、保健食品|有机食品|有机茶
1016011004,食品饮料、保健食品|有机食品|有机米面粮油、有机南北干货
1016011005,食品饮料、保健食品|有机食品|有机酒水饮料
1016011006,食品饮料、保健食品|有机食品|有机蔬菜、有机菌菇、有机水果
1016011007,食品饮料、保健食品|有机食品|有机母婴食品
1016011008,食品饮料、保健食品|有机食品|有机套餐
1016011009,食品饮料、保健食品|有机食品|有机肉禽蛋
1016011010,食品饮料、保健食品|有机食品|有机调味品
1017001001,手机|手机通讯|手机
1017001002,手机|手机通讯|对讲机
1017002001,手机|运营商|购机送费
1017002003,手机|运营商|选号入网
1017003001,手机|手机配件|手机电池
1017003006,手机|手机配件|手机贴膜
1017003007,手机|手机配件|手机存储卡
1017003008,手机|手机配件|手机保护套
1017003009,手机|手机配件|车载配件
1017003010,手机|手机配件|iPhone配件
1017003012,手机|手机配件|创意配件
1017003014,手机|手机配件|手机饰品
1018001001,数码|摄影摄像|数码相机
1018001002,数码|摄影摄像|单电相机、微单相机
1018001003,数码|摄影摄像|单反相机
1018001004,数码|摄影摄像|摄像机
1018001005,数码|摄影摄像|拍立得
1018001006,数码|摄影摄像|镜头
1018001007,数码|摄影摄像|儿童相机
1018002001,数码|数码配件|存储卡
1018002002,数码|数码配件|读卡器
1018002003,数码|数码配件|滤镜
1018002004,数码|数码配件|闪光灯、手柄
1018002005,数码|数码配件|相机包
1018002006,数码|数码配件|三脚架、云台
1018002007,数码|数码配件|数码清洁
1018002008,数码|数码配件|数码贴膜
1018002009,数码|数码配件|机身附件
1018002010,数码|数码配件|镜头附件
1018002011,数码|数码配件|电池、充电器
1018002012,数码|数码配件|移动电源
1018002013,数码|数码配件|数码保护套
1018002014,数码|数码配件|数据线
1018002015,数码|数码配件|分线器
1018003001,数码|时尚影音|MP3、MP4
1018003002,数码|时尚影音|智能设备
1018003003,数码|时尚影音|耳机、耳麦
1018003004,数码|时尚影音|音箱、音响
1018003005,数码|时尚影音|高清播放器
1018003006,数码|时尚影音|电子书
1018003007,数码|时尚影音|电子词典
1018003008,数码|时尚影音|MP3配件、MP4配件
1018003009,数码|时尚影音|录音笔
1018003010,数码|时尚影音|麦克风
1018003011,数码|时尚影音|电子教育
1018003012,数码|时尚影音|数码相框
1018003013,数码|时尚影音|苹果配件
1018003014,数码|时尚影音|专业音频
1018003015,数码|时尚影音|蓝牙耳机
1019001001,家居家装|家纺|床品套件、四件套、多件套
1019001002,家居家装|家纺|被子、被罩、被套
1019001003,家居家装|家纺|枕芯、枕套
1019001004,家居家装|家纺|床单、床裙、床笠、床罩
1019001005,家居家装|家纺|毛巾被、毛巾毯
1019001006,家居家装|家纺|床垫、床褥
1019001007,家居家装|家纺|蚊帐、凉席、床幔
1019001008,家居家装|家纺|抱枕、坐垫
1019001009,家居家装|家纺|靠垫、靠枕
1019001010,家居家装|家纺|毛巾、浴巾
1019001012,家居家装|家纺|窗帘、窗纱、门帘
1019001013,家居家装|家纺|酒店用品
1019001014,家居家装|家纺|枕巾
1019001015,家居家装|家纺|毛毯绒毯
1019002001,家居家装|灯具|台灯
1019002002,家居家装|灯具|节能灯
1019002003,家居家装|灯具|装饰灯
1019002004,家居家装|灯具|落地灯
1019002005,家居家装|灯具|应急灯、手电
1019002006,家居家装|灯具|LED灯
1019002007,家居家装|灯具|吸顶灯
1019002008,家居家装|灯具|吊灯
1019002009,家居家装|灯具|氛围照明
1019002011,家居家装|灯具|灯具配件
1019002012,家居家装|灯具|灯泡、灯管
1019002013,家居家装|灯具|小夜灯
1019002014,家居家装|灯具|壁灯
1019002015,家居家装|灯具|射灯
1019002016,家居家装|灯具|橱柜灯
1019002017,家居家装|灯具|镜前灯
1019002018,家居家装|灯具|筒灯、孔灯
1019002019,家居家装|灯具|吊扇灯
1019003001,家居家装|生活日用|收纳用品
1019003002,家居家装|生活日用|雨伞、雨具、雨披
1019003003,家居家装|生活日用|浴室用品
1019003004,家居家装|生活日用|缝纫用品
1019003005,家居家装|生活日用|洗晒用品
1019003006,家居家装|生活日用|净化除味
1019003008,家居家装|生活日用|保暖用品
1019003009,家居家装|生活日用|眼罩、隔音耳塞
1019003010,家居家装|生活日用|扇子
1019003011,家居家装|生活日用|一次性用品
1019003012,家居家装|生活日用|挂钩、粘钩
1019003013,家居家装|生活日用|日用杂货
1019004001,家居家装|家装软饰|桌布、罩件
1019004002,家居家装|家装软饰|地毯、地垫
1019004003,家居家装|家装软饰|沙发垫套
1019004004,家居家装|家装软饰|相框、相片墙、相册
1019004005,家居家装|家装软饰|墙画、墙贴
1019004006,家居家装|家装软饰|节庆饰品
1019004007,家居家装|家装软饰|手工、十字绣
1019004008,家居家装|家装软饰|仿真花卉
1019004009,家居家装|家装软饰|花瓶、花器
1019004010,家居家装|家装软饰|工艺摆挂件
1019004011,家居家装|家装软饰|蜡烛、香薰蜡烛
1019004012,家居家装|家装软饰|餐垫杯垫
1019005001,家居家装|清洁用品|纸品湿巾
1019005002,家居家装|清洁用品|衣物清洁
1019005003,家居家装|清洁用品|清洁工具
1019005004,家居家装|清洁用品|驱虫驱蚊
1019005005,家居家装|清洁用品|居室清洁
1019005006,家居家装|清洁用品|皮具护理
1019006001,家居家装|家具|儿童床类
1019006002,家居家装|家具|沙发
1019006003,家居家装|家具|床
1019006004,家居家装|家具|置物架
1019006005,家居家装|家具|衣帽架
1019006006,家居家装|家具|层架
1019006007,家居家装|家具|儿童家具套装
1019006008,家居家装|家具|晾衣架
1019006009,家居家装|家具|书柜
1019006010,家居家装|家具|衣柜
1019006011,家居家装|家具|斗柜
1019006012,家居家装|家具|鞋柜、鞋凳
1019006013,家居家装|家具|儿童书柜、儿童书架
1019006014,家居家装|家具|茶几、案几类
1019006016,家居家装|家具|榻类
1019006017,家居家装|家具|电视柜
1019006018,家居家装|家具|椅子、凳子
1019006019,家居家装|家具|桌类
1019006020,家居家装|家具|餐桌
1019006021,家居家装|家具|电脑桌
1019006022,家居家装|家具|书桌
1019006023,家居家装|家具|麻将桌
1019006024,家居家装|家具|梳妆台、梳妆桌
1019006025,家居家装|家具|床头柜
1019006026,家居家装|家具|角柜
1019006027,家居家装|家具|陈列柜
1019006028,家居家装|家具|餐边柜
1019006029,家居家装|家具|柜类
1019006030,家居家装|家具|鞋架
1019006031,家居家装|家具|箱架类
1019006032,家居家装|家具|书报架
1019006033,家居家装|家具|花架
1019006034,家居家装|家具|格架
1019006035,家居家装|家具|CD架
1019006036,家居家装|家具|家居套装
1019006037,家居家装|家具|镜子、试衣镜、柜镜、梳妆镜
1019006038,家居家装|家具|墙面搁架、隔板
1019007001,家居家装|建材|水槽
1019007002,家居家装|建材|地漏、角阀
1019007003,家居家装|建材|马桶
1019007004,家居家装|建材|面盆
1019007005,家居家装|建材|浴缸
1019007006,家居家装|建材|壁炉
1019007007,家居家装|建材|地热
1019007008,家居家装|建材|扣板
1019007009,家居家装|建材|散热器
1019007010,家居家装|建材|壁纸
1019007011,家居家装|建材|瓷砖
1019007012,家居家装|建材|地板
1019007013,家居家装|建材|涂料、油漆
1019007014,家居家装|建材|门用配件
1019007015,家居家装|建材|PPR、PVC、管材、管件
1019007016,家居家装|建材|劳保用品
1019007017,家居家装|建材|园艺
1020001001,宠物|宠物生活|宠物主粮
1020001002,宠物|宠物生活|宠物零食
1020001004,宠物|宠物生活|宠物营养品
1020001005,宠物|宠物生活|家居日用
1020001006,宠物|宠物生活|玩具服饰
1020001007,宠物|宠物生活|出行装备
1020001008,宠物|宠物生活|医护美容
1023001001,医药|医疗器械|塑性美体
1023001002,医药|医疗器械|按摩系列
1023001003,医药|医疗器械|理疗仪器
1023001004,医药|医疗器械|护具、护带
1023001005,医药|医疗器械|矫姿、增高
1023001006,医药|医疗器械|保健枕、保健袋
1023001007,医药|医疗器械|疝气治疗
1023001008,医药|医疗器械|基础外科
1023001009,医药|医疗器械|消毒器械
1023001010,医药|医疗器械|外科、敷料
1023001011,医药|医疗器械|病床及配件
1023001012,医药|医疗器械|药箱、出诊箱、急救箱、急救包
1023001013,医药|医疗器械|大便箱、小便箱
1023001014,医药|医疗器械|血压仪器
1023001015,医药|医疗器械|血糖用品
1023001016,医药|医疗器械|轮椅拐杖
1023001017,医药|医疗器械|中医保健
1023001018,医药|医疗器械|温度计类
1023001019,医药|医疗器械|数字检测
1023002001,医药|中西药品|感冒咳嗽
1023002002,医药|中西药品|皮肤用药、外伤用药
1023002003,医药|中西药品|肠胃医药
1023002004,医药|中西药品|补益安神
1023002005,医药|中西药品|五官用药
1023002006,医药|中西药品|风湿骨伤
1023002007,医药|中西药品|妇科用药
1023002008,医药|中西药品|维矿物质
1023002009,医药|中西药品|解热镇痛
1023002010,医药|中西药品|孕婴用药
1023002011,医药|中西药品|男科用药
1023002012,医药|中西药品|眩晕晕车
1023002013,医药|中西药品|肝胆用药
1023002014,医药|中西药品|心脑血管
1023002015,医药|中西药品|泌尿生殖
1023002016,医药|中西药品|呼吸系统
1023002017,医药|中西药品|精神系统
1023002018,医药|中西药品|进口药
1023002019,医药|中西药品|内分泌
1023002020,医药|中西药品|清热解毒
1023003002,医药|计生用品|性保健用品
1023003003,医药|计生用品|清洁抗菌
1023003004,医药|计生用品|排卵验卵
1023004001,医药|隐形眼镜|隐形眼镜
1023004002,医药|隐形眼镜|彩色隐形眼镜
1023004003,医药|隐形眼镜|护理液、护理剂
1023004004,医药|隐形眼镜|隐形眼镜伴侣
1025001001,出版物|图书|文艺
1025001002,出版物|图书|社科
1025001003,出版物|图书|科技
1025001004,出版物|图书|教育
1025001005,出版物|图书|少儿
1025001006,出版物|图书|经管励志
1025001007,出版物|图书|生活
1025001008,出版物|图书|进口
1025002001,出版物|电子书|文艺
1025002002,出版物|电子书|社科
1025002003,出版物|电子书|科技
1025002004,出版物|电子书|教育
1025002005,出版物|电子书|少儿
1025002006,出版物|电子书|经管励志
1025002007,出版物|电子书|生活
1025002008,出版物|电子书|进口
1025003001,出版物|音像|音乐
1025003002,出版物|音像|影视
1025003003,出版物|音像|教育
1025003004,出版物|音像|游戏