1006001009,ç å®|æ—¶å°šé¥°å“|é¥°å“é…ä»¶,èŠ­æ³•å¨œBFNé’“é‡‘é¾Ÿæª€æœ¨æ‰‹æœºé“¾,ç å®é¦–é¥°>æ—¶å°šé¥°å“>é¥°å“é…ä»¶>èŠ­æ³•å¨œï¼ˆBFNï¼‰>èŠ­æ³•å¨œæ‰‹æœºé“¾,äº¬ä¸œå•†åŸŽ,èŠ­æ³•å¨œï¼ˆBFNï¼‰
1006001009,ç å®|æ—¶å°šé¥°å“|é¥°å“é…ä»¶,æ¯”åšå°¼ æ˜Ÿåº§ç²¾çµ åŒå­åº§ é»„è™Žçœ¼è›‹ç™½çŸ³ç™½æ°´æ™¶æ‰‹æœºé“¾ åäºŒæ˜Ÿåº§æ‰‹æœºæŒ‚é¥° é€å¥³å‹ é€å§å¦¹ç¤¼å“,ç å®é¦–é¥°>æ—¶å°šé¥°å“>é¥°å“é…ä»¶>æ¯”åšå°¼>æ¯”åšå°¼ æ˜Ÿåº§ç²¾çµ åŒå­åº§ é»„è™Žçœ¼è›‹ç™½çŸ³ç™½...,äº¬ä¸œå•†åŸŽ,æ¯”åšå°¼
1006001009,ç å®|æ—¶å°šé¥°å“|é¥°å“é…ä»¶,æ²æ© å¤©ç„¶è¶Šå—é‡Žç”Ÿæ²‰é¦™é›•ä»¶ä½›å…¬ ç¬‘ä½› å¼¥å‹’ä½›æŒ‚ä»¶æ‰‹æŠŠä»¶ å­¤å“æ”¶è—,ç å®é¦–é¥°>æ—¶å°šé¥°å“>é¥°å“é…ä»¶>æ²æ© å¤©ç„¶è¶Šå—é‡Žç”Ÿæ²‰é¦™é›•ä»¶ä½›å…¬ ç¬‘ä½› å¼¥...,äº¬ä¸œå•†åŸŽ,æ²æ©
1006001009,ç å®|æ—¶å°šé¥°å“|é¥°å“é…ä»¶,Sussie è‹èŒœ åŽŸåˆ›ä¸­å›½çº¢æ°‘æ—æ‰‹å·¥æ¼†é›•å°æŒ‚ä»¶-å¦‚æ„é€š7066,ç å®é¦–é¥°>æ—¶å°šé¥°å“>é¥°å“é…ä»¶>Sussie è‹èŒœ åŽŸåˆ›ä¸­å›½çº¢æ°‘æ—æ‰‹å·¥æ¼†...,äº¬ä¸œå•†åŸŽ,è‹èŒœ
1006001009,ç å®|æ—¶å°šé¥°å“|é¥°å“é…ä»¶,æ²æ© å¤©ç„¶é‡Žç”Ÿæ²‰é¦™ç²¾å·¥é›•ä»¶ åˆ˜æµ·æˆé‡‘èŸ¾ æŒ‚ä»¶æ‰‹æŠŠä»¶ å­¤å“æ”¶è—,ç å®é¦–é¥°>æ—¶å°šé¥°å“>é¥°å“é…ä»¶>æ²æ© å¤©ç„¶é‡Žç”Ÿæ²‰é¦™ç²¾å·¥é›•ä»¶ åˆ˜æµ·æˆé‡‘èŸ¾ ...,äº¬ä¸œå•†åŸŽ,æ²æ©
1006001009,ç å®|æ—¶å°šé¥°å“|é¥°å“é…ä»¶,Sussie è‹èŒœ åŽŸåˆ›ä¸­å›½çº¢æ°‘æ—æ‰‹å·¥æ¼†é›•å°æŒ‚ä»¶-è½¬è¿ç 7058,ç å®é¦–é¥°>æ—¶å°šé¥°å“>é¥°å“é…ä»¶>Sussie è‹èŒœ åŽŸåˆ›ä¸­å›½çº¢æ°‘æ—æ‰‹å·¥æ¼†...,äº¬ä¸œå•†åŸŽ,è‹èŒœ
1006001009,ç å®|æ—¶å°šé¥°å“|é¥°å“é…ä»¶,å¤§å¤´å¦žå¦žé™¤é™ç”µæŒ‚ä»¶ é»„è‰²,é¦–é¡µ> é¥°å“> å°é…ä»¶> æ‰‹æœºé“¾/æŒ‚é“¾> å¤§å¤´å¦žå¦žé™¤é™ç”µæŒ‚ä»¶,å‡¡å®¢è¯šå“,VANCL å‡¡å®¢è¯šå“
1006001009,ç å®|æ—¶å°šé¥°å“|é¥°å“é…ä»¶,åŽä¸½ç²¾è‡´ç»’æ¯›æŒ‚é¥° ç°è‰²,é¦–é¡µ> é¥°å“> å°é…ä»¶> æ‰‹æœºé“¾/æŒ‚é“¾> åŽä¸½ç²¾è‡´ç»’æ¯›æŒ‚é¥°,å‡¡å®¢è¯šå“,VANCL å‡¡å®¢è¯šå“
1006001009,ç å®|æ—¶å°šé¥°å“|é¥°å“é…ä»¶,å¤§å¤´å¦žå¦žé™¤é™ç”µæŒ‚ä»¶ çº¢è‰²,é¦–é¡µ> é¥°å“> å°é…ä»¶> æ‰‹æœºé“¾/æŒ‚é“¾> å¤§å¤´å¦žå¦žé™¤é™ç”µæŒ‚ä»¶,å‡¡å®¢è¯šå“,VANCL å‡¡å®¢è¯šå“
1006001009,ç å®|æ—¶å°šé¥°å“|é¥°å“é…ä»¶,ç³–æžœå¤©åœ°ç³»åˆ—åŠé¥°æ‰‹æœºé“¾â€”é’±åŒ… ç²‰è‰²,é¦–é¡µ> é¥°å“> å°é…ä»¶> æ‰‹æœºé“¾/æŒ‚é“¾> ç³–æžœå¤©åœ°ç³»åˆ—åŠé¥°æ‰‹æœºé“¾â€”é’±åŒ…,å‡¡å®¢è¯šå“,VANCL å‡¡å®¢è¯šå“
1006001009,ç å®|æ—¶å°šé¥°å“|é¥°å“é…ä»¶,ä¸€ç”Ÿä¸€çŸ³è·¯è·¯ç•…é€š3Açº§å¤©ç„¶ç —ç£²çº¢çŽ›ç‘™è½¦æŒ‚æ»¡40åŒ…é‚®!æ”¯æŒè´§åˆ°ä»˜æ¬¾!æ”¯æŒå¼€ç®±éªŒè´§!,å½“å½“ç½‘ > é¥°å“é…é¥° > æ‰‹æœºé“¾/è½¦æŒ‚/é…ä»¶,å½“å½“ç½‘,ä¸€ç”Ÿä¸€çŸ³
1006001009,ç å®|æ—¶å°šé¥°å“|é¥°å“é…ä»¶,Mbox é¥°å“ é˜²å°˜å¡ž æ½®äººæ‰‹æœºä¸“ç”¨é…ä»¶ é‡‡ç”¨æ·å…‹é’»æ­é… å½©è‰²æ˜ŸçƒHH2512 æµ·è“,é¦–é¡µ >é…é¥° >æ—¶å°šé¥°å“ >æ‰‹æœºé“¾/é’¥åŒ™é“¾/æŒ‚æ‘†ä»¶ >Mbox é¥°å“ é˜²å°˜å¡ž æ½®äººæ‰‹æœºä¸“ç”¨é…ä»¶ é‡‡ç”¨æ·å…‹é’»æ­é… å½©è‰²æ˜ŸçƒHH2512,vjia,Mboxæ——èˆ°åº—
1006001009,ç å®|æ—¶å°šé¥°å“|é¥°å“é…ä»¶,ä¸½çŸ³åŠ å¤©ç„¶æ¡ƒæœ¨å…­å­—çœŸè¨€è¾Ÿé‚ªè½¦è½¦æŒ‚ä»¶ å‰ç¥¥å¦‚æ„8073,ç å®é¦–é¥°>æ—¶å°šé¥°å“>é¥°å“é…ä»¶>ä¸½çŸ³åŠ>ä¸½çŸ³åŠè½¦æŒ‚ä»¶,äº¬ä¸œå•†åŸŽ,ä¸½çŸ³åŠ
1006001009,ç å®|æ—¶å°šé¥°å“|é¥°å“é…ä»¶,æ¯”åšå°¼ æ˜Ÿåº§ç²¾çµ è›‹ç™½çŸ³ç™½æ°´æ™¶æ‰‹æœºé“¾è‹¹æžœç»¿ åäºŒæ˜Ÿåº§è½¬è¿é¥°å“ ç”Ÿæ—¥ç¤¼ç‰©,ç å®é¦–é¥°>æ—¶å°šé¥°å“>é¥°å“é…ä»¶>æ¯”åšå°¼>æ¯”åšå°¼ æ˜Ÿåº§ç²¾çµ è›‹ç™½çŸ³ç™½æ°´æ™¶æ‰‹æœºé“¾è‹¹æžœ...,äº¬ä¸œå•†åŸŽ,æ¯”åšå°¼
1006001009,ç å®|æ—¶å°šé¥°å“|é¥°å“é…ä»¶,æ¯”åšå°¼ æ˜Ÿåº§ç²¾çµ åŒå­åº§ æ·±ç´«çŽ‰é«“è›‹ç™½çŸ³ç™½æ°´æ™¶æ‰‹æœºé“¾é»„è‰² åäºŒæ˜Ÿåº§æ‰‹æœºæŒ‚é¥° ç”Ÿæ—¥ç¤¼ç‰©,ç å®é¦–é¥°>æ—¶å°šé¥°å“>é¥°å“é…ä»¶>æ¯”åšå°¼>æ¯”åšå°¼ æ˜Ÿåº§ç²¾çµ åŒå­åº§ æ·±ç´«çŽ‰é«“è›‹ç™½çŸ³...,äº¬ä¸œå•†åŸŽ,æ¯”åšå°¼
1006001009,ç å®|æ—¶å°šé¥°å“|é¥°å“é…ä»¶,æ¯”åšå°¼ æ˜Ÿåº§ç²¾çµ å¤©èŽåº§ ç²‰çŽ‰é«“ç™½æ°´æ™¶æ‰‹æœºé“¾çº¢è‰² æ˜Ÿåº§å¼€è¿é¥°å“ æœ¬å‘½å¹´çº¢ç»³ ç”Ÿæ—¥ç¤¼ç‰©,ç å®é¦–é¥°>æ—¶å°šé¥°å“>é¥°å“é…ä»¶>æ¯”åšå°¼>æ¯”åšå°¼ æ˜Ÿåº§ç²¾çµ å¤©èŽåº§ ç²‰çŽ‰é«“ç™½æ°´æ™¶æ‰‹...,äº¬ä¸œå•†åŸŽ,æ¯”åšå°¼
1006001009,ç å®|æ—¶å°šé¥°å“|é¥°å“é…ä»¶,æ¯”åšå°¼ ä¸ƒå½©æ°´æ»´ å°„æ‰‹åº§ çº¢çŽ‰é«“ç™½æ°´æ™¶é“¶è‰²é•¶é’»åœˆæ‰‹æœºé“¾çº¢è‰² åäºŒæ˜Ÿåº§ç¤¼ç‰© æ—¶å°šé¥°å“,ç å®é¦–é¥°>æ—¶å°šé¥°å“>é¥°å“é…ä»¶>æ¯”åšå°¼>æ¯”åšå°¼ ä¸ƒå½©æ°´æ»´ å°„æ‰‹åº§ çº¢çŽ‰é«“ç™½æ°´æ™¶é“¶...,äº¬ä¸œå•†åŸŽ,æ¯”åšå°¼
1006001009,ç å®|æ—¶å°šé¥°å“|é¥°å“é…ä»¶,BeinLover æ–°Romantic Loveræµªæ¼«ç³»åˆ— åŒ…åŒ…æŒ‚ä»¶ å¤šç”¨æŒ‚ä»¶ Så· 11E00046å…”,ç å®é¦–é¥°>æ—¶å°šé¥°å“>é¥°å“é…ä»¶>Be in Lover>BeinLover æ–°Romantic ...,äº¬ä¸œå•†åŸŽ,Be in Loverå®˜æ–¹æ——èˆ°åº—
1006001009,ç å®|æ—¶å°šé¥°å“|é¥°å“é…ä»¶,æ²æ© é»„æ¨æœ¨å°æŒ‚ä»¶æ‰‹æŠŠä»¶-å‘è´¢è‘«èŠ¦ 0094,ç å®é¦–é¥°>æ—¶å°šé¥°å“>é¥°å“é…ä»¶>æ²æ© é»„æ¨æœ¨å°æŒ‚ä»¶æ‰‹æŠŠä»¶-å‘è´¢è‘«èŠ¦ 0...,äº¬ä¸œå•†åŸŽ,æ²æ©ç²¾å“
1006001009,ç å®|æ—¶å°šé¥°å“|é¥°å“é…ä»¶,Sussie è‹èŒœ åŽŸåˆ›ä¸­å›½çº¢æ°‘æ—æ‰‹å·¥æ¼†é›•å°æŒ‚ä»¶-åäºŒç”Ÿè‚–å…”7022,ç å®é¦–é¥°>æ—¶å°šé¥°å“>é¥°å“é…ä»¶>Sussie è‹èŒœ åŽŸåˆ›ä¸­å›½çº¢æ°‘æ—æ‰‹å·¥æ¼†...,äº¬ä¸œå•†åŸŽ,è‹èŒœ
1006001009,ç å®|æ—¶å°šé¥°å“|é¥°å“é…ä»¶,å§šæ˜“å› å¼€å…‰ç²¾ç¾Žæ‰‹æœºé“¾æŒ‚ä»¶ ï¼ˆå¤šæ¬¾å¼ï¼‰ åŒè²”è²…æ‰‹æœºé“¾,ç å®é¦–é¥°>æ—¶å°šé¥°å“>é¥°å“é…ä»¶>å§šæ˜“å› å¼€å…‰ç²¾ç¾Žæ‰‹æœºé“¾æŒ‚ä»¶ ï¼ˆå¤šæ¬¾å¼ï¼‰ ...,äº¬ä¸œå•†åŸŽ,å§šæ˜“å›ç å®
1006001009,ç å®|æ—¶å°šé¥°å“|é¥°å“é…ä»¶,åŸŽå¸‚çŽ‰å…‰å¤©ç„¶çº¢æª€æœ¨ç¯ç¬¼è½¦æŒ‚æŒ‚ä»¶,ç å®é¦–é¥°>æ—¶å°šé¥°å“>é¥°å“é…ä»¶>åŸŽå¸‚çŽ‰å…‰ï¼ˆCHENGSHI YUGUANGï¼‰>åŸŽå¸‚çŽ‰å…‰å¤©ç„¶çº¢æª€æœ¨ç¯ç¬¼è½¦æŒ‚æŒ‚ä»¶,äº¬ä¸œå•†åŸŽ,åŸŽå¸‚çŽ‰å…‰å®˜æ–¹æ——èˆ°åº—
1006001009,ç å®|æ—¶å°šé¥°å“|é¥°å“é…ä»¶,çš‡å®¶ èŽŽèŽŽRoyal.SaSa éŸ©å›½æµè¡Œæ—¶å°šçƒ­å–æ¬¾å½©é‡‘çç æ‰‹æœºé“¾-çŽ‹è€…å½’æ¥,ç å®é¦–é¥°>æ—¶å°šé¥°å“>é¥°å“é…ä»¶>çš‡å®¶ èŽŽèŽŽï¼ˆRoyal sasaï¼‰>çš‡å®¶ èŽŽèŽŽæ‰‹æœºé“¾,äº¬ä¸œå•†åŸŽ,çš‡å®¶ èŽŽèŽŽï¼ˆRoyal sasaï¼‰
1006001009,ç å®|æ—¶å°šé¥°å“|é¥°å“é…ä»¶,éšçŸ³éšçŽ‰ ç²¾é›•æ©„æ¦„æ ¸æ‰‹æœºé“¾-ç¦ç¦„å¯¿,ç å®é¦–é¥°>æ—¶å°šé¥°å“>é¥°å“é…ä»¶>éšçŸ³éšçŽ‰ ç²¾é›•æ©„æ¦„æ ¸æ‰‹æœºé“¾-ç¦ç¦„å¯¿,äº¬ä¸œå•†åŸŽ,éšçŸ³éšçŽ‰
1006001009,ç å®|æ—¶å°šé¥°å“|é¥°å“é…ä»¶,å§šæ˜“å› åäºŒç”Ÿè‚–çŽ‰çŸ³ç ç»³æ‰‹æœºé“¾ ç”Ÿè‚–æ‰‹æœºé“¾,ç å®é¦–é¥°>æ—¶å°šé¥°å“>é¥°å“é…ä»¶>å§šæ˜“å› åäºŒç”Ÿè‚–çŽ‰çŸ³ç ç»³æ‰‹æœºé“¾ ç”Ÿè‚–æ‰‹...,äº¬ä¸œå•†åŸŽ,å§šæ˜“å›ç å®
1006001009,ç å®|æ—¶å°šé¥°å“|é¥°å“é…ä»¶,æ²æ© å¤©ç„¶è¶Šå—é‡Žç”Ÿæ²‰é¦™é›•ä»¶ å¼¥å‹’ç¬‘ä½› æŒ‚ä»¶æ‰‹æŠŠä»¶ å­¤å“æ”¶è—,ç å®é¦–é¥°>æ—¶å°šé¥°å“>é¥°å“é…ä»¶>æ²æ©>æ²æ© å¤©ç„¶è¶Šå—é‡Žç”Ÿæ²‰é¦™é›•ä»¶ å¼¥å‹’ç¬‘ä½› æŒ‚...,äº¬ä¸œå•†åŸŽ,æ²æ©ç²¾å“
1006001009,ç å®|æ—¶å°šé¥°å“|é¥°å“é…ä»¶,ä¿é›… åäºŒç”Ÿè‚–ç¿¡ç¿ æ‰‹æœºé“¾ 12ç”Ÿè‚–æ‰‹æœºé“¾è›‡,ç å®é¦–é¥°>æ—¶å°šé¥°å“>é¥°å“é…ä»¶>ä¿é›…>ä¿é›… åäºŒç”Ÿè‚–ç¿¡ç¿ æ‰‹æœºé“¾ 12ç”Ÿè‚–æ‰‹æœºé“¾...,äº¬ä¸œå•†åŸŽ,ä¿é›…æ——èˆ°åº—
1006001009,ç å®|æ—¶å°šé¥°å“|é¥°å“é…ä»¶,ä¿é›… é‡‘ç®”å½©çº¸ç»ä¹¦ é«˜æ¡£æ±½è½¦é¥°å“æŒ‚ä»¶ é‡‘åˆšç»çº¢é¡»,ç å®é¦–é¥°>æ—¶å°šé¥°å“>é¥°å“é…ä»¶>ä¿é›…>ä¿é›… é‡‘ç®”å½©çº¸ç»ä¹¦ é«˜æ¡£æ±½è½¦é¥°å“æŒ‚ä»¶ é‡‘...,äº¬ä¸œå•†åŸŽ,ä¿é›…æ——èˆ°åº—
1006001009,ç å®|æ—¶å°šé¥°å“|é¥°å“é…ä»¶,ä¿é›… å¼€å…‰ç²¾ç¾Žå¤šåŠŸæ•ˆæ‰‹æœºé“¾ è¾Ÿé‚ªçº³ç¦ä¿å¹³å®‰ è·¯è·¯é€šæ‰‹æœºé“¾,ç å®é¦–é¥°>æ—¶å°šé¥°å“>é¥°å“é…ä»¶>ä¿é›…>ä¿é›… å¼€å…‰ç²¾ç¾Žå¤šåŠŸæ•ˆæ‰‹æœºé“¾ è¾Ÿé‚ªçº³ç¦ä¿å¹³...,äº¬ä¸œå•†åŸŽ,ä¿é›…æ——èˆ°åº—
1006001009,ç å®|æ—¶å°šé¥°å“|é¥°å“é…ä»¶,æ²æ© è¶Šå—æ²‰é¦™é›•ä»¶ è§‚éŸ³å‘ˆç¥¥ æŒ‚ä»¶æ‰‹æŠŠä»¶ å­¤å“æ”¶è—,ç å®é¦–é¥°>æ—¶å°šé¥°å“>é¥°å“é…ä»¶>æ²æ©>æ²æ© è¶Šå—æ²‰é¦™é›•ä»¶ è§‚éŸ³å‘ˆç¥¥ æŒ‚ä»¶æ‰‹æŠŠä»¶...,äº¬ä¸œå•†åŸŽ,æ²æ©ç²¾å“
1006001009,ç å®|æ—¶å°šé¥°å“|é¥°å“é…ä»¶,æ¬§å¡èŽŽ åˆ›æ„åŒ–å¦†é•œ ä¾¿æº é’¥åŒ™æ‰£ å¥³ åŒ…åŒ…æŒ‚ä»¶é¥°å“ é˜¿ç‹¸ ç²‰å«©çº¢è‰²,ç å®é¦–é¥°>æ—¶å°šé¥°å“>é¥°å“é…ä»¶>æ¬§å¡èŽŽ åˆ›æ„åŒ–å¦†é•œ ä¾¿æº é’¥åŒ™æ‰£ å¥³ åŒ…...,äº¬ä¸œå•†åŸŽ,æ¬§å¡èŽŽ
1006001009,ç å®|æ—¶å°šé¥°å“|é¥°å“é…ä»¶,HiSmart é«˜æ¡£é‡‘è‰²åˆé‡‘æ‰£ æ‰‹æœºé“¾æŒ‚ä»¶ ç²¾å·¥è®¾è®¡ çŸ­æ¬¾é¥°å“æŒ‚é¥° [é‡‘æ‰£é…åŠç‰ŒæŒ‡ç»³],ç¤¼å“ç®±åŒ…>ç¤¼å“>åˆ›æ„ç¤¼å“>Hismart>HiSmart é«˜æ¡£é‡‘è‰²åˆé‡‘æ‰£ æ‰‹æœºé“¾æŒ‚...,äº¬ä¸œå•†åŸŽ,HiSmartå®˜æ–¹æ——èˆ°åº—
1006001009,ç å®|æ—¶å°šé¥°å“|é¥°å“é…ä»¶,ä¸€ç”Ÿä¸€æœ¨ é»‘æª€æœ¨è‘«èŠ¦æ‰‹æœºé“¾/ç¦ç¦„å®‰åº· å¹³å®‰è‘«èŠ¦/ç²¾ç¾Žæ‰‹æœºæŒ‚ä»¶é¥°å“,ç å®é¦–é¥°>æ—¶å°šé¥°å“>é¥°å“é…ä»¶>ä¸€ç”Ÿä¸€æœ¨ é»‘æª€æœ¨è‘«èŠ¦æ‰‹æœºé“¾/ç¦ç¦„å®‰åº· å¹³...,äº¬ä¸œå•†åŸŽ,ä¸€ç”Ÿä¸€æœ¨
1006001009,ç å®|æ—¶å°šé¥°å“|é¥°å“é…ä»¶,çš‡å®¶ èŽŽèŽŽ Royal SaSa æµè¡Œå‰çº¿è¶…äººæ°”çƒ­å–æ¬¾ç‹ç‹¸æ¯›æ‰‹æœºé“¾å¤šç”¨æŒ‚ä»¶-æŒšçˆ±æœ¬è‰²(è“),ç å®é¦–é¥°>æ—¶å°šé¥°å“>é¥°å“é…ä»¶>çš‡å®¶ èŽŽèŽŽ Royal SaSa æµè¡Œå‰...,äº¬ä¸œå•†åŸŽ,çš‡å®¶èŽŽèŽŽRoyalSaSa
1006001009,ç å®|æ—¶å°šé¥°å“|é¥°å“é…ä»¶,XD é‡‘ç«¥é“ƒé“› çº¯é“¶é“ƒé“› é“ƒé“›æŒ‚ä»¶ HB004 HB004å°é‡‘ç«¥,ç å®é¦–é¥°>æ—¶å°šé¥°å“>é¥°å“é…ä»¶>XD>XD é‡‘ç«¥é“ƒé“› çº¯é“¶é“ƒé“› é“ƒé“›æŒ‚ä»¶ HB...,äº¬ä¸œå•†åŸŽ,XD
1006001009,ç å®|æ—¶å°šé¥°å“|é¥°å“é…ä»¶,XD çº¯é“¶é•€ç™½é‡‘ç©¿é’ˆæ‰£ å¹¸è¿æ˜Ÿ åŠå æ‰£ ç¿¡ç¿ æŒ‚ä»¶å¤¹æ‰£ ç²¾è‡´æ‰£ P566 çº¯é“¶é•€ç™½é‡‘,ç å®é¦–é¥°>æ—¶å°šé¥°å“>é¥°å“é…ä»¶>XD>XD çº¯é“¶é•€ç™½é‡‘ç©¿é’ˆæ‰£ å¹¸è¿æ˜Ÿ åŠå æ‰£ ...,äº¬ä¸œå•†åŸŽ,XD
1006001009,ç å®|æ—¶å°šé¥°å“|é¥°å“é…ä»¶,æƒ…äººèŠ‚ç¤¼ç‰© æ¢µæ›¦FN&C.é¦–é¥° é•€é‡‘è‰²æŒ‚é¥° æ‰‹æœºæŒ‚ä»¶ æ˜Ÿå…‰ç’€ç’¨ èµ æ‰‹æœºæŒ‚ç»³,ç å®é¦–é¥°>æ—¶å°šé¥°å“>é¥°å“é…ä»¶>æ¢µæ›¦ï¼ˆFN&C.ï¼‰>æƒ…äººèŠ‚ç¤¼ç‰© æ¢µæ›¦FN&C.é¦–é¥° é•€é‡‘è‰²æŒ‚...,äº¬ä¸œå•†åŸŽ,åƒå§¿ç å®
1006001009,ç å®|æ—¶å°šé¥°å“|é¥°å“é…ä»¶,çš‡å®¶ èŽŽèŽŽ Royal SaSa ä¸­å›½æƒ…èŠ‚è¶Šå—é»‘æ¡ƒæœ¨æ‰‹æœºé“¾æŒ‚ä»¶-ç¥ˆç¦è²”è²…,ç å®é¦–é¥°>æ—¶å°šé¥°å“>é¥°å“é…ä»¶>çš‡å®¶ èŽŽèŽŽï¼ˆRoyal sasaï¼‰>çš‡å®¶ èŽŽèŽŽ Royal SaSa ä¸­å›½æƒ…...,äº¬ä¸œå•†åŸŽ,çš‡å®¶èŽŽèŽŽRoyalSaSa
1006001009,ç å®|æ—¶å°šé¥°å“|é¥°å“é…ä»¶,å¦‚æ„è— æžå“18å­æ‰‹æœºé“¾æŒ‚å  ä¿å¹³å®‰é¥°å“ åå…«å­è©æä½›ç  åŒ…åŒ…æŒ‚é¥° ç§å­éšæœº,ç å®é¦–é¥°>æ—¶å°šé¥°å“>é¥°å“é…ä»¶>å¦‚æ„è— æžå“18å­æ‰‹æœºé“¾æŒ‚å  ä¿å¹³å®‰é¥°å“...,äº¬ä¸œå•†åŸŽ,å¦‚æ„è—
1006001009,ç å®|æ—¶å°šé¥°å“|é¥°å“é…ä»¶,æ˜Ÿå®ç´«é¡º ç²¾é›•æ©„æ¦„æ ¸åŠå  å¦‚æ„è§‚éŸ³ æ‰‹æœºé“¾ åŒ…åŒ…é“¾,ç å®é¦–é¥°>æ—¶å°šé¥°å“>é¥°å“é…ä»¶>æ˜Ÿå®ç´«é¡º>æ˜Ÿå®ç´«é¡º ç²¾é›•æ©„æ¦„æ ¸åŠå  å¦‚æ„è§‚éŸ³ æ‰‹æœº...,äº¬ä¸œå•†åŸŽ,æ˜Ÿå®ç´«é¡º
1006001009,ç å®|æ—¶å°šé¥°å“|é¥°å“é…ä»¶,åŸŽå¸‚çŽ‰å…‰æ·å…‹æ°´æ™¶åŒ…åŒ…åŒ…æŒ‚ æ‰‹æœºé“¾ è½¦æŒ‚ æŒ‚ä»¶ è“è‰²,ç å®é¦–é¥°>æ—¶å°šé¥°å“>é¥°å“é…ä»¶>åŸŽå¸‚çŽ‰å…‰æ·å…‹æ°´æ™¶åŒ…åŒ…åŒ…æŒ‚ æ‰‹æœºé“¾ è½¦æŒ‚ ...,äº¬ä¸œå•†åŸŽ,åŸŽå¸‚çŽ‰å…‰
1006001009,ç å®|æ—¶å°šé¥°å“|é¥°å“é…ä»¶,XD çº¯é“¶èŽ²è“¬é…ä»¶ æ²¹é»‘æ‰‹å·¥é“¶ å¤å¤ 925çº¯é“¶ æ³°é“¶æŒ‚ä»¶ KM004 çº¯é“¶åšæ—§,ç å®é¦–é¥°>æ—¶å°šé¥°å“>é¥°å“é…ä»¶>XD>XD çº¯é“¶èŽ²è“¬é…ä»¶ æ²¹é»‘æ‰‹å·¥é“¶ å¤å¤ ...,äº¬ä¸œå•†åŸŽ,XD
1006001009,ç å®|æ—¶å°šé¥°å“|é¥°å“é…ä»¶,è”å°š æ­£å“18Ké‡‘é•¶åµŒé”†çŸ³æ‰£å¤¹æ‰£18KçŽ«ç‘°é‡‘æ‰£ ç™½é‡‘æ‰£(é€‚åˆä¸­ç­‰æŒ‚ä»¶) 18KçŽ«ç‘°é‡‘é•¶åµŒé’»çŸ³æ‰£,ç å®é¦–é¥°>æ—¶å°šé¥°å“>é¥°å“é…ä»¶>è”å°š æ­£å“18Ké‡‘é•¶åµŒé”†çŸ³æ‰£å¤¹æ‰£18KçŽ«...,äº¬ä¸œå•†åŸŽ,è”å°šç å®æ——èˆ°åº—
1006001009,ç å®|æ—¶å°šé¥°å“|é¥°å“é…ä»¶,ã€ç«æ ‘é“¶èŠ±ã€‘S990è¶³é“¶é¥°å“é…ä»¶ ä¸²ç é…ä»¶ æŒ‚ä»¶ çº¯é“¶é¾™é—¨é²¤é±¼,ç å®é¦–é¥° > ç”·å£«é¥°å“ã€é…ä»¶,äºšé©¬é€Š(å“è¶Šç½‘),ç«æ ‘é“¶èŠ±
1006001009,ç å®|æ—¶å°šé¥°å“|é¥°å“é…ä»¶,çŽ–å“ç¼˜ æ–°ç–†å’Œç”°çŽ‰é’èŠ±å¢¨çŽ‰ç±½æ–™è…°æ‰£(é’Ÿé¦—) æŒ‚ä»¶ ç”·å£«é…ä»¶ é™„è¯ä¹¦,ç å®é¦–é¥° > ç”·å£«é¥°å“ã€é…ä»¶ ,äºšé©¬é€Š(å“è¶Šç½‘),çŽ–å“ç¼˜
1006001009,ç å®|æ—¶å°šé¥°å“|é¥°å“é…ä»¶,è¿ªå£«å°¼Disneyç¤¼å“ æ‰‹æœºç»³ ç±³å¥‡æ‰‹æœºæŒ‚ç»³ æ‰‹æœºæŒ‚ä»¶é¥°å“ åŒ…åŒ…é…ä»¶ é»‘è‰²ç±³å¥‡,ç¤¼å“ç®±åŒ…>ç¤¼å“>åˆ›æ„ç¤¼å“>è¿ªå£«å°¼ï¼ˆDisneyï¼‰>è¿ªå£«å°¼Disneyç¤¼å“ æ‰‹æœºç»³ ç±³å¥‡æ‰‹æœº...,äº¬ä¸œå•†åŸŽ,æ¢¦æƒ³å²›å›½ç²¾å“åº—
1006001009,ç å®|æ—¶å°šé¥°å“|é¥°å“é…ä»¶,æ‚¦æœ¨ä¹‹æº é»‘æª€é›•åˆ»åƒæ‰‹è§‚éŸ³è½¦é¥°æŒ‚ä»¶,ç å®é¦–é¥°>æ—¶å°šé¥°å“>é¥°å“é…ä»¶>æ‚¦æœ¨ä¹‹æº é»‘æª€é›•åˆ»åƒæ‰‹è§‚éŸ³è½¦é¥°æŒ‚ä»¶,äº¬ä¸œå•†åŸŽ,æ‚¦æœ¨ä¹‹æº
1006001009,ç å®|æ—¶å°šé¥°å“|é¥°å“é…ä»¶,éŸ³ä¹ç›’Mboxé…ä»¶ éŸ©å›½æ‰‹å·¥æœ¨è‰º è¿›å£æŒ‚ä»¶ å¯çˆ±å°åŠ¨ç‰©HH1269 å°ç†Š,ç å®é¦–é¥°>æ—¶å°šé¥°å“>é¥°å“é…ä»¶>å…¶ä»–>éŸ³ä¹ç›’Mboxé…ä»¶ éŸ©å›½æ‰‹å·¥æœ¨è‰º è¿›å£æŒ‚...,äº¬ä¸œå•†åŸŽ,Mbox
1006001009,ç å®|æ—¶å°šé¥°å“|é¥°å“é…ä»¶,Be in Lover DIYå‘åœˆç†Š åŒ…åŒ…æŒ‚ä»¶ï¼ˆç²‰è‰²ï¼‰,ç å®é¦–é¥°>æ—¶å°šé¥°å“>é¥°å“é…ä»¶>Be in Lover DIYå‘åœˆç†Š åŒ…...,äº¬ä¸œå•†åŸŽ,Be in Loverå®˜æ–¹æ——èˆ°åº—
1006001009,ç å®|æ—¶å°šé¥°å“|é¥°å“é…ä»¶,Be in Lover äº¬éƒ½ã®å¤§å¤´çœ¼é•œçŒ« æ‰‹æœºæŒ‚ä»¶ å±å¹•æ“¦ï¼ˆèŠ±è‰²ï¼‰,ç å®é¦–é¥°>æ—¶å°šé¥°å“>é¥°å“é…ä»¶>Be in Lover äº¬éƒ½ã®å¤§å¤´çœ¼é•œçŒ«...,äº¬ä¸œå•†åŸŽ,Be in Loverå®˜æ–¹æ——èˆ°åº—
1006001009,ç å®|æ—¶å°šé¥°å“|é¥°å“é…ä»¶,Be in Lover äº¬éƒ½ã®å¤§å¤´çœ¼é•œçŒ« æ‰‹æœºæŒ‚ä»¶ å±å¹•æ“¦ï¼ˆé»‘è‰²ï¼‰,ç å®é¦–é¥°>æ—¶å°šé¥°å“>é¥°å“é…ä»¶>Be in Lover äº¬éƒ½ã®å¤§å¤´çœ¼é•œçŒ«...,äº¬ä¸œå•†åŸŽ,Be in Loverå®˜æ–¹æ——èˆ°åº—
1006001009,ç å®|æ—¶å°šé¥°å“|é¥°å“é…ä»¶,Be in Lover ç«¥è¯ç³»åˆ— å°çº¢å¸½ åŒ…åŒ…æŒ‚ä»¶ æ‰‹æœºæŒ‚ä»¶ èŠ±è‰² Så·,ç å®é¦–é¥°>æ—¶å°šé¥°å“>é¥°å“é…ä»¶>Be in Lover ç«¥è¯ç³»åˆ— å°çº¢å¸½...,äº¬ä¸œå•†åŸŽ,Be in Loverå®˜æ–¹æ——èˆ°åº—
1006001009,ç å®|æ—¶å°šé¥°å“|é¥°å“é…ä»¶,çˆ±æž é£Žæ°´äº§å“ç³»åˆ— å¤©ç„¶è‘«èŠ¦æŒ‚ä»¶å·¥è‰ºå“ ç¦ç¦„å‰ç¥¥ ä¸­å·,ç å®é¦–é¥°>æ—¶å°šé¥°å“>é¥°å“é…ä»¶>çˆ±æž é£Žæ°´äº§å“ç³»åˆ— å¤©ç„¶è‘«èŠ¦æŒ‚ä»¶å·¥è‰ºå“ ...,äº¬ä¸œå•†åŸŽ,çˆ±æžç å®
1006001009,ç å®|æ—¶å°šé¥°å“|é¥°å“é…ä»¶,éšçŸ³éšçŽ‰5Açº§æ©„æ¦„èƒ¡æ©„æ¦„æ ¸é›•æ‰‹æœºé“¾-å°èˆ¹æ™¯è±¡ ä¸€è·¯å¹³å®‰ å¯åšé’¥åŒ™é“¾,ç å®é¦–é¥°>æ—¶å°šé¥°å“>é¥°å“é…ä»¶>éšçŸ³éšçŽ‰5Açº§æ©„æ¦„èƒ¡æ©„æ¦„æ ¸é›•æ‰‹æœºé“¾-å°èˆ¹...,äº¬ä¸œå•†åŸŽ,éšçŸ³éšçŽ‰
1006001009,ç å®|æ—¶å°šé¥°å“|é¥°å“é…ä»¶,ä¿é›… é»‘æª€é“¶ä¸åäºŒç”Ÿè‚–æ‰‹æœºé“¾ æƒ…ä¾£æ‰‹æœºé“¾ åŠ©è¿ä¿å¹³å®‰ é»‘æª€é“¶ä¸æ‰‹æœºé“¾ç‹—,ç å®é¦–é¥°>æ—¶å°šé¥°å“>é¥°å“é…ä»¶>ä¿é›…>ä¿é›… é»‘æª€é“¶ä¸åäºŒç”Ÿè‚–æ‰‹æœºé“¾ æƒ…ä¾£æ‰‹æœºé“¾...,äº¬ä¸œå•†åŸŽ,ä¿é›…æ——èˆ°åº—
1006001009,ç å®|æ—¶å°šé¥°å“|é¥°å“é…ä»¶,å…´æ¶¦é˜ å¼€å…‰ç”Ÿè‚–å±žç‹— æž£æœ¨é’¥åŒ™æ‰£é¥°å“æŒ‚ä»¶ å…­å­—çœŸè¨€ è¾Ÿé‚ªä¿å¹³å®‰,ç¤¼å“ç®±åŒ…>ç¤¼å“>åˆ›æ„ç¤¼å“>å…´æ¶¦é˜ å¼€å…‰ç”Ÿè‚–å±žç‹— æž£æœ¨é’¥åŒ™æ‰£é¥°å“æŒ‚ä»¶...,äº¬ä¸œå•†åŸŽ,é£Žè¡Œå”¯ç‰©
1006001009,ç å®|æ—¶å°šé¥°å“|é¥°å“é…ä»¶,ä¸€ç™¾æœ¨è‰ºå°åº¦å°å¶ç´«æª€æ‰‹æŠŠçŽ©ä»¶é¾™ç‰ŒæŒ‚ä»¶è²”è²…åŒ…æŒ‚æ¸”ç¿æŒ‚ä»¶è§‚å…¬æŒ‚ç‰Œ æ‰‹å·¥ç¤¼å“ Y10507003 Fæ¬¾,ç å®é¦–é¥°>æ—¶å°šé¥°å“>é¥°å“é…ä»¶>ä¸€ç™¾æœ¨è‰º>ä¸€ç™¾æœ¨è‰ºå°åº¦å°å¶ç´«æª€æ‰‹æŠŠçŽ©ä»¶é¾™ç‰ŒæŒ‚ä»¶è²”è²…...,äº¬ä¸œå•†åŸŽ,ä¸€ç™¾æœ¨è‰º
1006001009,ç å®|æ—¶å°šé¥°å“|é¥°å“é…ä»¶,L'cronieé˜¿ææ´› å¤©ç„¶ç¢§çŽºè™Žçœ¼æ™¶ç´«æ°´æ™¶çŸ³æ¦´çŸ³ä¸ƒæ˜Ÿé˜µæ‰‹æœºé“¾åŒ…é“¾é…é¥° è½¬è¿ è™Žçœ¼æ™¶,ç å®é¦–é¥°>æ—¶å°šé¥°å“>é¥°å“é…ä»¶>é˜¿ææ´›(L'cronie)>L'cronieé˜¿ææ´› å¤©ç„¶ç¢§çŽºè™Žçœ¼æ™¶ç´«...,äº¬ä¸œå•†åŸŽ,L'cronieé˜¿ææ´›ç å®
1006001009,ç å®|æ—¶å°šé¥°å“|é¥°å“é…ä»¶,åƒç¢ç¾ŽçŽ‰ å®‹ä¸‰å½©å¤æ³•å½©é™¶ å¤©åœ°ä¸‰é¢é¾™ æŒ‚ä»¶ è½¦æŒ‚,ç å®é¦–é¥°>æ—¶å°šé¥°å“>é¥°å“é…ä»¶>åƒç¢ç¾ŽçŽ‰ å®‹ä¸‰å½©å¤æ³•å½©é™¶ å¤©åœ°ä¸‰é¢é¾™ æŒ‚...,äº¬ä¸œå•†åŸŽ,åƒç¢ç¾ŽçŽ‰
1006001009,ç å®|æ—¶å°šé¥°å“|é¥°å“é…ä»¶,å…´æ¶¦é˜ å¼€å…‰ä¹Œæœ¨å±žç‹—æŠ¤èº«ç¬¦ é’¥åŒ™æ‰£ æŒ‚ä»¶åŠå é¥°å“ è¾Ÿé‚ªåŒ–ç…žä¿å¹³å®‰,ç¤¼å“ç®±åŒ…>ç¤¼å“>åˆ›æ„ç¤¼å“>å…´æ¶¦é˜ å¼€å…‰ä¹Œæœ¨å±žç‹—æŠ¤èº«ç¬¦ é’¥åŒ™æ‰£ æŒ‚ä»¶...,äº¬ä¸œå•†åŸŽ,é£Žè¡Œå”¯ç‰©
1006001009,ç å®|æ—¶å°šé¥°å“|é¥°å“é…ä»¶,ä½‘ç¦ç¼˜ æ©„æ¦„æ ¸é›•åˆ»æ‰‹ä¸² ç²¾é€‰æ²¹æ ¸ æ‰‹å·¥é›•åˆ» å¼¥å‹’ä½› ä½›ç¥–èµç¦ 3732,ç å®é¦–é¥°>æ—¶å°šé¥°å“>é¥°å“é…ä»¶>ä½‘ç¦ç¼˜>ä½‘ç¦ç¼˜ æ©„æ¦„æ ¸é›•åˆ»æ‰‹ä¸² ç²¾é€‰æ²¹æ ¸ æ‰‹å·¥é›•...,äº¬ä¸œå•†åŸŽ,ä½‘ç¦ç¼˜
1006001009,ç å®|æ—¶å°šé¥°å“|é¥°å“é…ä»¶,æ²æ© æ–‡çŽ©æ ¸æ¡ƒæ»¡å¤©æ˜ŸåˆºçŒ¬ç¯ç¬¼ç‹®å­å¤´sw0152,æ²æ©>æ²æ© æ–‡çŽ©æ ¸æ¡ƒæ»¡å¤©æ˜ŸåˆºçŒ¬ç¯ç¬¼ç‹®å­å¤´sw0...,äº¬ä¸œå•†åŸŽ,æ²æ©ç²¾å“
1006001009,ç å®|æ—¶å°šé¥°å“|é¥°å“é…ä»¶,XD çº¯é“¶ç¼•ç©ºç  diyçº¯é“¶é…ä»¶ çº¯é“¶ç å­ å¤šå­”ç  ç¼–ç»‡ç  P265 çº¯é“¶-ç´ é“¶,ç å®é¦–é¥°>æ—¶å°šé¥°å“>é¥°å“é…ä»¶>XD>XD çº¯é“¶ç¼•ç©ºç  diyçº¯é“¶é…ä»¶ çº¯é“¶ç ...,äº¬ä¸œå•†åŸŽ,XD
1006001009,ç å®|æ—¶å°šé¥°å“|é¥°å“é…ä»¶,åƒè‰ºè€é“¶åŒ  é˜²è¿‡æ•èƒ¶é’ˆé•¶é’»æ˜Ÿæœˆç«¥è¯è€³é’‰ é“¶è‰² å‡ç ,æœé¥°å†…è¡£>é…é¥°>å…¶ä»–é…ä»¶>Justyle>åƒè‰ºè€é“¶åŒ  é˜²è¿‡æ•èƒ¶é’ˆé•¶é’»æ˜Ÿæœˆç«¥è¯è€³é’‰...,äº¬ä¸œå•†åŸŽ,æ’æºç¥¥ ä¸“å–åº—
1006001009,ç å®|æ—¶å°šé¥°å“|é¥°å“é…ä»¶,è”“ä¼Šè¯º å¤©ç„¶ç²¾å“æµ·å—é»„èŠ±æ¢¨æ²¹æ¢¨6mm8mm*108é¢—ä½›ç æ‰‹é“¾æ‰‹ä¸² æ²¹æ€§åè¶³ å¤©ç„¶æœ¨é¥° 12mm,ç å®é¦–é¥°>å¤©ç„¶æœ¨é¥°>é»„èŠ±æ¢¨>è”“ä¼Šè¯º>è”“ä¼Šè¯º å¤©ç„¶ç²¾å“æµ·å—é»„èŠ±æ¢¨æ²¹æ¢¨6mm8m...,äº¬ä¸œå•†åŸŽ,è”“ä¼Šè¯º
1006001009,ç å®|æ—¶å°šé¥°å“|é¥°å“é…ä»¶,èŠ¯æœµå«šè–‡-æ˜Ÿæœˆè©æ108ä½›ç  è€æ–™æ˜Ÿæœˆè©ææ‰ç çŽ„æœˆ ä½›æ•™é¥°å“ ç”·å¥³æ¬¾ 10mm,ç å®é¦–é¥°>å¤©ç„¶æœ¨é¥°>è©æ>èŠ¯æœµå«šè–‡>èŠ¯æœµå«šè–‡-æ˜Ÿæœˆè©æ108ä½›ç  è€æ–™æ˜Ÿæœˆè©...,äº¬ä¸œå•†åŸŽ,èŠ¯æœµå«šè–‡
1006001009,ç å®|æ—¶å°šé¥°å“|é¥°å“é…ä»¶,DIY ç¾è²¨ç·¬ç”¸ç¥ç€åŽŸçŸ³ï¼Œé‡‘ç€åŽŸçŸ³æ¯›æ–™ï¼Œéš¨å½¢åŠå¢œï¼Œç´«ç¾…è˜­ç¥ç€ï¼Œé‡‘ç€é …éˆï¼Œéšåž‹åŠå çº¯å¤©ç„¶æ— ä¼˜åŒ–,ç å®é¦–é¥° > æƒ…ä¾£é¥°å“ ,äºšé©¬é€Š(å“è¶Šç½‘),DIY
1006001009,ç å®|æ—¶å°šé¥°å“|é¥°å“é…ä»¶,ã€å¤©ç„¶æœ¨é¥°ã€‘æ²æ¡“ ä¸€ç‰©ä¸€å›¾çº¯å¤©ç„¶é©¬æ¥8mm108é¢—è™Žæ–‘çº¹æ²‰é¦™æ‰‹é“¾ æ·±æ²‰åŽç¾Ž ç”·æ¬¾æ‰‹é“¾30å·,ç å®é¦–é¥°>å¤©ç„¶æœ¨é¥°>æ²‰é¦™>æ²æ¡“>ã€å¤©ç„¶æœ¨é¥°ã€‘æ²æ¡“ ä¸€ç‰©ä¸€å›¾çº¯å¤©ç„¶é©¬æ¥8m...,äº¬ä¸œå•†åŸŽ,æ²æ¡“
1006001009,ç å®|æ—¶å°šé¥°å“|é¥°å“é…ä»¶,Digabi å¸å®¶æ¯” åŽŸè‰² ç™¾æ­ç™¾å˜éŸ©å›½è¿›å£çš®ç»³é”†çŸ³é£Žæ ¼æ‰‹é“¾ ä¸ƒç§é¢œè‰²ï¼ˆå¤©è“è‰²ï¼‰,,äºšé©¬é€Š(å“è¶Šç½‘),
1006001009,ç å®|æ—¶å°šé¥°å“|é¥°å“é…ä»¶,ä½‘ç¦ç¼˜ å¤©ç„¶ä¸Šå“è¶Šå—æ²‰é¦™æœ¨ç¬”ç­’ ç¬”ç­’ ç²¾é€‰è¶Šå—çŸ³å¤´æ²‰æ²‰é¦™æœ¨æ–™ çè´µæœ¨ç§ 301046,ç å®é¦–é¥°>æ—¶å°šé¥°å“>é¥°å“é…ä»¶>ä½‘ç¦ç¼˜>ä½‘ç¦ç¼˜ å¤©ç„¶ä¸Šå“è¶Šå—æ²‰é¦™æœ¨ç¬”ç­’ ç¬”ç­’ ç²¾...,äº¬ä¸œå•†åŸŽ,ä½‘ç¦ç¼˜
1006001009,ç å®|æ—¶å°šé¥°å“|é¥°å“é…ä»¶,å¤§å°†å†›æµ·æŸ³ å†…ç½®åŽŸè‰²è¡€æŸ³ç²¾é›• ç¦ç¦„ä¸‡ä»£ è‘«èŠ¦ æµ·æŸ³çƒŸå˜´ é•¿87MMå®½18MM K34-2,ç¤¼å“ç®±åŒ…>ç¤¼å“>ç«æœºçƒŸå…·>å¤§å°†å†›æµ·æŸ³>å¤§å°†å†›æµ·æŸ³ å†…ç½®åŽŸè‰²è¡€æŸ³ç²¾é›• ç¦ç¦„ä¸‡ä»£ ...,äº¬ä¸œå•†åŸŽ,å¤§å°†å†›æµ·æŸ³çƒŸå˜´æ——èˆ°åº—
1006001009,ç å®|æ—¶å°šé¥°å“|é¥°å“é…ä»¶,å°šé¸¿ç¼˜ å¤©ç„¶æ©„æ¦„æ ¸çº¯æ‰‹å·¥é›•åˆ»æ‰‹ä¸²æ‰‹é“¾ å—å·¥ç²¾é›• å…«å®è§‚éŸ³ï¼ˆå››èŠ±ï¼‰å»ºä¼Ÿ,å°šé¸¿ç¼˜>å°šé¸¿ç¼˜ å¤©ç„¶æ©„æ¦„æ ¸çº¯æ‰‹å·¥é›•åˆ»æ‰‹ä¸²æ‰‹é“¾ å—...,äº¬ä¸œå•†åŸŽ,å°šé¸¿ç¼˜ç å®
1006001009,ç å®|æ—¶å°šé¥°å“|é¥°å“é…ä»¶,å¦‚æ„è— æžå“7.5-8mmè€æ˜Ÿæœˆè©ææ‰‹é“¾ å¥³æ¬¾è€ä½›ç è€å¿µç æ‰‹ä¸² L2,å¦‚æ„è—>å¦‚æ„è— æžå“7.5-8mmè€æ˜Ÿæœˆè©ææ‰‹é“¾...,äº¬ä¸œå•†åŸŽ,å¦‚æ„è—
1006001009,ç å®|æ—¶å°šé¥°å“|é¥°å“é…ä»¶,éŸ©å›½ç²¾å“ å“ˆæ ¼.Hug.Darling é»„ç»¿åŒè‰²é€æ˜Žä¸²ç é“ƒé“›é¡¹é“¾,ä½ çš„ä½ç½®ï¼š é¦–é¡µ > å® ç‰©æœé¥° > ç²¾ç¾Žé…é¥° > å•†å“æ˜¾ç¤º,Eå® å•†åŸŽ,éŸ©å›½å“ˆæ ¼
1006001009,ç å®|æ—¶å°šé¥°å“|é¥°å“é…ä»¶,æ™®æ‹‰è¾¾ é‡‘è‰² é‡‘å±žæ‰£ ç™½è‰²å¿ƒå½¢åŠå  é’¥åŒ™æ‰£ 1AP398 ULD F0K74,é¥°å“é…ä»¶ > å…¶å®ƒ,ä¹èœ‚ç½‘,Prada
1006001009,ç å®|æ—¶å°šé¥°å“|é¥°å“é…ä»¶,çš‡å®¶å¤œè¡£ï¼ˆROYAL GUARD)è¶…è–„èžºçº¹12åªè£…,å¥åº·åŒ»ç–—>å®‰å…¨é¿å­•>çš‡å®¶å¤œè¡£>çš‡å®¶å¤œè¡£ï¼ˆROYAL GUARD)è¶…è–„èžºçº¹12åªè£…,å›½ç¾Žç”µå™¨ç½‘ä¸Šå•†åŸŽ,è¿ªç‰¹è¿ªæ™®æˆäººç”¨å“ä¸“è¥åº—
1006001009,ç å®|æ—¶å°šé¥°å“|é¥°å“é…ä»¶,æ˜Ÿè¯­å¿ƒæ„¿å’ªå’»ç†Šæ‰‹æœºæŒ‚ä»¶Â·å¤„å¥³åº§,ç¤¼å“ > ç”Ÿæ´» > æ‰‹æœºå‘¨è¾¹,99ç½‘ä¸Šä¹¦åŸŽ,
1006001009,ç å®|æ—¶å°šé¥°å“|é¥°å“é…ä»¶,æ¶¦ä¹‹é¸¿ å¤©ç„¶çº¢è™Žçœ¼çŸ³ç™½æ°´æ™¶é•€é‡‘ç ä½›(ç¦)ç¦„å¯¿å¥³å£«æ‰‹é“¾ çº¢è™Žçœ¼çŸ³ç ï¼‘0mmç™½æ°´æ™¶ç ï¼‘2mmå¤©ç„¶çº¢è™Žçœ¼çŸ³ ç™½æ°´æ™¶é•€é‡‘ç  SL-RZH-923013 çº¢è‰²,è´­ä¹°ä»»ä½•å®¶å±…è‡ªè¥å•†å“åŠ è´­çƒ­å–ç»´ä¼—å¯¹æž•å¯äº« 30å…ƒä¼˜æƒ ï¼è¯·å°†å•†å“åŠ å…¥è´­ç‰©è½¦ï¼Œ åœ¨è®¢å•ç¡®è®¤é¡µé¢è¾“å…¥VN5AP99M ç‚¹æ­¤æŸ¥çœ‹å¦‚ä½•èŽ·å¾—ä¿ƒé”€ä¼˜æƒ  (ä¿ƒé”€è¯´æ˜Ž),äºšé©¬é€Š(å“è¶Šç½‘),æ¶¦ä¹‹é¸¿
1006001009,ç å®|æ—¶å°šé¥°å“|é¥°å“é…ä»¶,æ¶¦ä¹‹é¸¿å¤©ç„¶ç™½æ˜Ÿæœˆè©æå­108é¢—ä½›ç  å¿µç  æ‰‹ä¸² è©æç 9mmç™½æ˜Ÿæœˆè©æå­ SL-RZH-923081 ç°è‰²,è´­ä¹°ä»»ä½•å®¶å±…è‡ªè¥å•†å“åŠ è´­çƒ­å–ç»´ä¼—å¯¹æž•å¯äº« 30å…ƒä¼˜æƒ ï¼è¯·å°†å•†å“åŠ å…¥è´­ç‰©è½¦ï¼Œ åœ¨è®¢å•ç¡®è®¤é¡µé¢è¾“å…¥VN5AP99M ç‚¹æ­¤æŸ¥çœ‹å¦‚ä½•èŽ·å¾—ä¿ƒé”€ä¼˜æƒ  (ä¿ƒé”€è¯´æ˜Ž),äºšé©¬é€Š(å“è¶Šç½‘),æ¶¦ä¹‹é¸¿
1006001009,ç å®|æ—¶å°šé¥°å“|é¥°å“é…ä»¶,å°§æ° æ°´æ™¶é¥°å“ å¤©ç„¶ç™½çŽ›ç‘™ ä¸åŠ¨å°Šè©è¨ ç”Ÿè‚–é¸¡å®ˆæŠ¤ç¥ž æœ¬å‘½ä½›æ‰‹é“¾ FB-YJ-000184,è´­ä¹°ä»»ä½•å®¶å±…è‡ªè¥å•†å“åŠ è´­çƒ­å–ç»´ä¼—å¯¹æž•å¯äº« 30å…ƒä¼˜æƒ ï¼è¯·å°†å•†å“åŠ å…¥è´­ç‰©è½¦ï¼Œ åœ¨è®¢å•ç¡®è®¤é¡µé¢è¾“å…¥VN5AP99M ç‚¹æ­¤æŸ¥çœ‹å¦‚ä½•èŽ·å¾—ä¿ƒé”€ä¼˜æƒ  (ä¿ƒé”€è¯´æ˜Ž),äºšé©¬é€Š(å“è¶Šç½‘),å°§æ°
1006001009,ç å®|æ—¶å°šé¥°å“|é¥°å“é…ä»¶,å°§æ° æ°´æ™¶é¥°å“ å¤©ç„¶çº¢çŽ›ç‘™ é˜¿å¼¥é™€ä½› ç”Ÿè‚–ç‹—çŒªå®ˆæŠ¤ç¥ž æœ¬å‘½ä½›æ‰‹é“¾ FB-YJ-000191,è´­ä¹°ä»»ä½•å®¶å±…è‡ªè¥å•†å“åŠ è´­ELLEå…¨æ£‰æ¯›å·¾ç¤¼ç›’å¯äº«60å…ƒä¼˜æƒ ï¼è¯·å°†å•†å“åŠ å…¥è´­ç‰©è½¦ï¼Œ åœ¨è®¢å•ç¡®è®¤é¡µé¢è¾“å…¥I7MLFKR9 ç‚¹æ­¤æŸ¥çœ‹å¦‚ä½•èŽ·å¾—ä¿ƒé”€ä¼˜æƒ  (ä¿ƒé”€è¯´æ˜Ž),äºšé©¬é€Š(å“è¶Šç½‘),å°§æ°
1006001009,ç å®|æ—¶å°šé¥°å“|é¥°å“é…ä»¶,è€…æ¢…å¼€å…‰å¯¿æ˜Ÿé‡‘ç¬¦ FK-FT-0925068,è´­ä¹°ä»»ä½•å®¶å±…è‡ªè¥å•†å“åŠ è´­çƒ­å–ç»´ä¼—å¯¹æž•å¯äº« 30å…ƒä¼˜æƒ ï¼è¯·å°†å•†å“åŠ å…¥è´­ç‰©è½¦ï¼Œ åœ¨è®¢å•ç¡®è®¤é¡µé¢è¾“å…¥VN5AP99M ç‚¹æ­¤æŸ¥çœ‹å¦‚ä½•èŽ·å¾—ä¿ƒé”€ä¼˜æƒ  (ä¿ƒé”€è¯´æ˜Ž),äºšé©¬é€Š(å“è¶Šç½‘),è€…æ¢…
1006001009,ç å®|æ—¶å°šé¥°å“|é¥°å“é…ä»¶,ç»ç‰ˆä¸“æŸœé™é‡! ç¾Žå›½Benefit è´çŽ²å¦ƒæ‰‹æœºé“¾ å¸¦åŠç»³ é’¥åŒ™é“¾,ç¾Žå¦†ä¸ªæŠ¤>åŒ–å¦†å·¥å…·>è´çŽ²å¦ƒåŒ–å¦†å·¥å…·>ç»ç‰ˆä¸“æŸœé™é‡! ç¾Žå›½Benefit è´çŽ²å¦ƒæ‰‹æœºé“¾ å¸¦åŠç»³ é’¥åŒ™é“¾,å›½ç¾Žç”µå™¨ç½‘ä¸Šå•†åŸŽ,è´çŽ²å¦ƒåŒ–å¦†å·¥å…·
1006001009,ç å®|æ—¶å°šé¥°å“|é¥°å“é…ä»¶,çˆ±æž å¤©ç„¶æ³¢ç½—çš„æµ·ç¥ç€ç²¾é›•èœœèœ¡é‡‘ç€åŠå  å¯¿æ¡ƒå¯¿æ˜Ÿç¥å¯¿ 2124 3.6g1,ç å®é¦–é¥° > æ¯›è¡£é“¾ ,äºšé©¬é€Š(å“è¶Šç½‘),
1006001009,ç å®|æ—¶å°šé¥°å“|é¥°å“é…ä»¶,è€…æ¢…8mmçº¢çŽ›ç‘™äº”è¡Œå…­å­—çœŸè¨€æ‰‹é“¾ FZ-LL-929022,è´­ä¹°ä»»ä½•å®¶å±…è‡ªè¥å•†å“åŠ è´­ELLEå…¨æ£‰æ¯›å·¾ç¤¼ç›’å¯äº«60å…ƒä¼˜æƒ ï¼è¯·å°†å•†å“åŠ å…¥è´­ç‰©è½¦ï¼Œ åœ¨è®¢å•ç¡®è®¤é¡µé¢è¾“å…¥I7MLFKR9 ç‚¹æ­¤æŸ¥çœ‹å¦‚ä½•èŽ·å¾—ä¿ƒé”€ä¼˜æƒ  (ä¿ƒé”€è¯´æ˜Ž),äºšé©¬é€Š(å“è¶Šç½‘),è€…æ¢…
1006001009,ç å®|æ—¶å°šé¥°å“|é¥°å“é…ä»¶,è€…æ¢…8mmé»‘æ›œçŸ³è²”è²…æ‰‹é“¾ FZ-LL-929082,è´­ä¹°ç”±äºšé©¬é€Šé”€å”®çš„æŒ‡å®šå•†å“è¶…è¿‡ 1 ä»¶ï¼Œæ¯ä»¶å•†å“å¯ç«‹å³äº«å— 50% çš„ä¼˜æƒ  åœ¨è®¢å•ç¡®è®¤é¡µé¢è¾“å…¥NIANMOGO ç‚¹æ­¤æŸ¥çœ‹å¦‚ä½•èŽ·å¾—ä¿ƒé”€ä¼˜æƒ  (ä¿ƒé”€è¯´æ˜Ž),äºšé©¬é€Š(å“è¶Šç½‘),è€…æ¢…
1006001009,ç å®|æ—¶å°šé¥°å“|é¥°å“é…ä»¶,ROYAL GEM å¤©ç„¶ç¥ç€ç²¾é›•é‡‘ç€ç«™ä½›åŠå (æƒå¨è¯ä¹¦),é¦–é¡µÂ >Â ROYAL GEMè´µé‡é¥°å“ä¸“åœºÂ >Â å¤©ç„¶ç¥ç€ç²¾é›•é‡‘ç€ç«™ä½›åŠå (æƒå¨è¯ä¹¦),å”¯å“ä¼š,æ— 
1006001009,ç å®|æ—¶å°šé¥°å“|é¥°å“é…ä»¶,å¥¥èŽ±èŒµ ç»¿è‰²å¤©ç„¶çŽ‰é«“ä»¿å¤é“¶é¡¹æ‰‹ä¸¤ç”¨é“¾(é™„è¯ä¹¦),é¦–é¡µÂ >Â å¥¥èŽ±èŒµorhineé…é¥°ä¸“åœºÂ >Â ç»¿è‰²å¤©ç„¶çŽ‰é«“ä»¿å¤é“¶é¡¹æ‰‹ä¸¤ç”¨é“¾(é™„è¯ä¹¦),å”¯å“ä¼š,æ— 
1006001009,ç å®|æ—¶å°šé¥°å“|é¥°å“é…ä»¶,å¼‚åŸŸ.çµæ€§ ã€è¶Šå—è¿›å£ã€‘å¤©ç„¶é»‘æª€ç­·å­,é¦–é¡µÂ >Â å¼‚åŸŸ.çµæ€§Kerohanianå®¶å±…ä¸“åœºÂ >Â ã€è¶Šå—è¿›å£ã€‘å¤©ç„¶é»‘æª€ç­·å­,å”¯å“ä¼š,æ— 
1006001009,ç å®|æ—¶å°šé¥°å“|é¥°å“é…ä»¶,å¼‚åŸŸ.çµæ€§ ã€è¶Šå—è¿›å£ã€‘æ²‰é¦™å¡”å½¢é¦™ä¸­ä¹‹çŽ‹,é¦–é¡µÂ >Â å¼‚åŸŸ.çµæ€§Kerohanianå®¶å±…ä¸“åœºÂ >Â ã€è¶Šå—è¿›å£ã€‘æ²‰é¦™å¡”å½¢é¦™ä¸­ä¹‹çŽ‹,å”¯å“ä¼š,æ— 
1006001009,ç å®|æ—¶å°šé¥°å“|é¥°å“é…ä»¶,å®è’‚å¨œ å†°å½©çŽ‰é«“åœ†å½¢é•‚ç©ºèŠ±æœµï¼ˆé…ç»³ï¼‰,é¦–é¡µÂ >Â å®è’‚å¨œBertinaé¥°å“ä¸“åœºÂ >Â å†°å½©çŽ‰é«“åœ†å½¢é•‚ç©ºèŠ±æœµï¼ˆé…ç»³ï¼‰,å”¯å“ä¼š,æ— 
1006001009,ç å®|æ—¶å°šé¥°å“|é¥°å“é…ä»¶,æ‚¦æœ¨ä¹‹æº ä¸­æ€§ç½—æ±‰ä¿å¹³å®‰ å¤©ç„¶ç»¿æª€åå…«ç½—æ±‰è½¦é¥°,é¦–é¡µÂ >Â æ‚¦æœ¨ä¹‹æºé¥°å“ä¸“åœºÂ >Â ä¸­æ€§ç½—æ±‰ä¿å¹³å®‰ å¤©ç„¶ç»¿æª€åå…«ç½—æ±‰è½¦é¥°,å”¯å“ä¼š,æ— 
1006001009,ç å®|æ—¶å°šé¥°å“|é¥°å“é…ä»¶,æ‚¦æœ¨ä¹‹æº ç”·æ¬¾å¤©ç„¶å…­é“æœ¨ï¼ˆé™é¾™æœ¨ï¼‰æ‰‹ç ,é¦–é¡µÂ >Â æ‚¦æœ¨ä¹‹æºé¥°å“ä¸“åœºÂ >Â ç”·æ¬¾å¤©ç„¶å…­é“æœ¨ï¼ˆé™é¾™æœ¨ï¼‰æ‰‹ç ,å”¯å“ä¼š,æ— 
1006001009,ç å®|æ—¶å°šé¥°å“|é¥°å“é…ä»¶,å¤ªé˜³ä¹‹çˆ± æ˜Žä¹ç¦…å¿ƒå°å¶ç´«æª€å¿µç ,é¦–é¡µÂ >Â .å¤ªé˜³ä¹‹çˆ±Solar loveé¥°å“ä¸“åœºÂ >Â æ˜Žä¹ç¦…å¿ƒå°å¶ç´«æª€å¿µç ,å”¯å“ä¼š,æ— 
1006001009,ç å®|æ—¶å°šé¥°å“|é¥°å“é…ä»¶,å¤ªé˜³ä¹‹çˆ± ç²¾é›•å¼¥å‹’ä½›æ©„æ¦„å£³æ‰‹ä¸²,é¦–é¡µÂ >Â .å¤ªé˜³ä¹‹çˆ±Solar loveé¥°å“ä¸“åœºÂ >Â ç²¾é›•å¼¥å‹’ä½›æ©„æ¦„å£³æ‰‹ä¸²,å”¯å“ä¼š,æ— 
1006001009,ç å®|æ—¶å°šé¥°å“|é¥°å“é…ä»¶,äº‘å›¾ 3açº§å¤©ç„¶ç¢§çŽºä½›ç æŒ‚é¥°é™„è¯ä¹¦,é¦–é¡µÂ >Â .äº‘å›¾é¥°å“ä¸“åœºÂ >Â 3açº§å¤©ç„¶ç¢§çŽºä½›ç æŒ‚é¥°é™„è¯ä¹¦,å”¯å“ä¼š,æ— 
1006001009,ç å®|æ—¶å°šé¥°å“|é¥°å“é…ä»¶,ROYAL GEM å¤©ç„¶é»‘èƒ¡æ¡ƒæœ¨æœˆè¿›æ–—é‡‘è½¦æŒ‚ï¼ˆå…¨æ‰‹å·¥ï¼‰,é¦–é¡µÂ >Â ROYAL GEMè´µé‡é¥°å“ä¸“åœºÂ >Â å¤©ç„¶é»‘èƒ¡æ¡ƒæœ¨æœˆè¿›æ–—é‡‘è½¦æŒ‚ï¼ˆå…¨æ‰‹å·¥ï¼‰,å”¯å“ä¼š,æ— 
1006001009,ç å®|æ—¶å°šé¥°å“|é¥°å“é…ä»¶,ROYAL GEM 4Açº§å¤©ç„¶é’é‡‘çŸ³æ‰‹ä¸²ï¼ˆæƒå¨è¯ä¹¦ï¼‰,é¦–é¡µÂ >Â ROYAL GEMè´µé‡é¥°å“ä¸“åœºÂ >Â 4Açº§å¤©ç„¶é’é‡‘çŸ³æ‰‹ä¸²ï¼ˆæƒå¨è¯ä¹¦ï¼‰,å”¯å“ä¼š,æ— 
1006001009,ç å®|æ—¶å°šé¥°å“|é¥°å“é…ä»¶,ROYAL GEM å¤©ç„¶ä¿è‰²é»„ç¿¡ç¿¡ç¿ å¯Œè´µé•¿å¯¿ï¼Œä¸€é¹­æœ‰é±¼åŠå (æƒå¨è¯ä¹¦ï¼‰,é¦–é¡µÂ >Â ROYAL GEMè´µé‡é¥°å“ä¸“åœºÂ >Â å¤©ç„¶ä¿è‰²é»„ç¿¡ç¿¡ç¿ å¯Œè´µé•¿å¯¿ï¼Œä¸€é¹­æœ‰é±¼åŠå (æƒå¨è¯ä¹¦ï¼‰,å”¯å“ä¼š,æ— 
1006001009,ç å®|æ—¶å°šé¥°å“|é¥°å“é…ä»¶,æ™¶èƒè½© ç‰¹è‰²é»„åŠ ç»¿ç²¾é›•äº‹äº‹å¦‚æ„æŒ‚ä»¶,é¦–é¡µÂ >Â æ™¶èƒè½©CHING SUI HINçŽ‰çŸ³è´µé‡ä¸“åœºÂ >Â ç‰¹è‰²é»„åŠ ç»¿ç²¾é›•äº‹äº‹å¦‚æ„æŒ‚ä»¶,å”¯å“ä¼š,æ— 
1006001009,ç å®|æ—¶å°šé¥°å“|é¥°å“é…ä»¶,Swarovski æ–½åŽæ´›ä¸–å¥‡ Pure Mini Aquamarine é“¾å  1169479,é¦–é¡µ > é¡¹é¥° > ä¸­é•¿é“¾ > Swarovski æ–½åŽæ´›ä¸–å¥‡ Pure Mini Aquamarine é“¾å  1169479,ä¹èœ‚ç½‘,Swarovskiæ–½åŽæ´›ä¸–å¥‡
1006001009,ç å®|æ—¶å°šé¥°å“|é¥°å“é…ä»¶,ROYAL GEM å¤©ç„¶å†°ç§é’ç´«åœ°å¤§ä¸šæœ‰æˆåŠå ï¼ˆæƒå¨è¯ä¹¦ï¼‰,é¦–é¡µÂ >Â ROYAL GEMè´µé‡é¥°å“ä¸“åœºÂ >Â å¤©ç„¶å†°ç§é’ç´«åœ°å¤§ä¸šæœ‰æˆåŠå ï¼ˆæƒå¨è¯ä¹¦ï¼‰,å”¯å“ä¼š,æ— 
1006001009,ç å®|æ—¶å°šé¥°å“|é¥°å“é…ä»¶,RASEN family åœ£æ¯æ…ˆçˆ±åå­—ç‰ç’ƒå¿µç é“¾,BOYSé¦–é¡µ>æœé…>é¦–é¥°> RASEN family åœ£æ¯æ…ˆçˆ±åå­—ç‰ç’ƒå¿µç é“¾,yohoæœ‰è´§,RASEN family
1006001009,ç å®|æ—¶å°šé¥°å“|é¥°å“é…ä»¶,ROYAL GEM å¤©ç„¶ç¿¡ç¿ é£˜é»„é£˜ç»¿ä¸‡äº‹å¦‚æ„åŠå (æƒå¨è¯ä¹¦ï¼‰,é¦–é¡µÂ >Â ROYAL GEMè´µé‡é¥°å“ä¸“åœºÂ >Â å¤©ç„¶ç¿¡ç¿ é£˜é»„é£˜ç»¿ä¸‡äº‹å¦‚æ„åŠå (æƒå¨è¯ä¹¦ï¼‰,å”¯å“ä¼š,æ— 
1006001009,ç å®|æ—¶å°šé¥°å“|é¥°å“é…ä»¶,IQD æ¬§ç¾Žè®¾è®¡ Samsung GalaxyI9100ç²‰çº¢å¯çˆ±æ—¶å°šåŽå£³,é¦–é¡µÂ >Â æ£®æµ·å¡žå°”&é“ç‘ž&IQDæ•°ç é…ä»¶ä¸“åœºÂ >Â IQD æ¬§ç¾Žè®¾è®¡ Samsung GalaxyI9100ç²‰çº¢å¯çˆ±æ—¶å°šåŽå£³,å”¯å“ä¼š,æ— 
1006001009,ç å®|æ—¶å°šé¥°å“|é¥°å“é…ä»¶,æ¸…æ–°èŒƒå„¿æ·¡ç²‰è‰²èŠ±æœµ6å¯¸èŠå£«è›‹ç³•ç›’ è¥¿ç‚¹ç›’ ç‚¹å¿ƒç›’,å®¶å±…æ—¥ç”¨Â >Â åŽ¨æˆ¿ç”¨å“Â >Â çƒ˜ç„™/çƒ§çƒ¤Â >Â å•†å“è¯¦æƒ…,å½“å½“ç½‘,å¤§è´ä¹å‘µå‘µ
1006001009,ç å®|æ—¶å°šé¥°å“|é¥°å“é…ä»¶,å¦‚æ„è— æžå“è€æ¤°å£³ç‰‡é¡¹é“¾15-15.5mmè€ä½›ç è€å¿µç è€æç 108é¢—è½¦æŒ‚ L7,å¦‚æ„è—>å¦‚æ„è— æžå“è€æ¤°å£³ç‰‡é¡¹é“¾15-15.5m...,äº¬ä¸œå•†åŸŽ,å¦‚æ„è—
1006001009,ç å®|æ—¶å°šé¥°å“|é¥°å“é…ä»¶,å¦‚æ„è— æžå“9mmæ‰‹å·¥æ‰“ç£¨å…­é“æœ¨108é¢—ä½›ç æ‰‹ä¸² åŠ©å¥åº·é•¿å¯¿æ‰‹é“¾H L6,ç å®é¦–é¥°>æ—¶å°šé¥°å“>é¡¹é“¾>å¦‚æ„è—>å¦‚æ„è— æžå“9mmæ‰‹å·¥æ‰“ç£¨å…­é“æœ¨108é¢—...,äº¬ä¸œå•†åŸŽ,å¦‚æ„è—
1006001009,ç å®|æ—¶å°šé¥°å“|é¥°å“é…ä»¶,æžå“7-7.5mmçº¯å¤©ç„¶è¶Šå—æ²‰é¦™ä½›ç é¡¹é“¾ 108é¢—ä½›ç æ¸…å®«é£Žæ ¼æœç H L2,ç å®é¦–é¥°>æ—¶å°šé¥°å“>é¡¹é“¾>æžå“7-7.5mmçº¯å¤©ç„¶è¶Šå—æ²‰é¦™ä½›ç é¡¹é“¾...,äº¬ä¸œå•†åŸŽ,å¦‚æ„è—
1006001009,ç å®|æ—¶å°šé¥°å“|é¥°å“é…ä»¶,çŽ‰çœŸäº†æœ¨è´¨æŒ‚ä»¶â€”åŽŸæœ¨è‰²æž£æœ¨ç«‹ä½“é¾™ç‰Œè½¦æŒ‚,é¦–é¡µ>é¥°å“é…ä»¶>å…¶å®ƒ>çŽ‰çœŸäº†æœ¨è´¨æŒ‚ä»¶â€”åŽŸæœ¨è‰²æž£æœ¨ç«‹ä½“é¾™ç‰Œè½¦æŒ‚,ä¹èœ‚ç½‘,çŽ‰çœŸäº†
1006001009,ç å®|æ—¶å°šé¥°å“|é¥°å“é…ä»¶,çŽ–å“ç¼˜ 8mmé“¶çº¿è©æå­å’Œç”°çŽ‰é’ç™½çŽ‰æ‰‹é“¾ä¸²å¿µç ny-0023,é¦–é¡µ>é…é¥°>é‡‘é“¶ç å®>é“¶,é“¶æ³°ç½‘,çŽ–å“ç¼˜
1006001009,ç å®|æ—¶å°šé¥°å“|é¥°å“é…ä»¶,å¥‡ä¹ç¼˜ å°ç†ŠçŒ« ,æ‰€æœ‰åˆ†ç±»>ä¿å¥æ»‹è¡¥ã€å™¨æ¢°è®¡ç”Ÿ>æˆäººç”¨å“>å¥³ç”¨å™¨å…·>å…¶ä»–å¥³ç”¨>å¥‡ä¹ç¼˜>å¥‡ä¹ç¼˜ å°ç†ŠçŒ«,1å·åº—,å¥‡ä¹ç¼˜
1006001009,ç å®|æ—¶å°šé¥°å“|é¥°å“é…ä»¶,å¤§æª€ä¸–å®¶ å°åº¦å°å¶ç´«æª€æœ¨é¡ºçº¹ä½›ç æ‰‹é“¾108é¢—å¿µç ç”·å¥³æ¬¾æ‰‹ä¸² å¤©ç„¶æœ¨é¥° åŽŸæœ¨4mm,ç å®é¦–é¥°>å¤©ç„¶æœ¨é¥°>å°å¶ç´«æª€>å¤§æª€ä¸–å®¶ï¼ˆDatanshijia)>å¤§æª€ä¸–å®¶ å°åº¦å°å¶ç´«æª€æœ¨é¡ºçº¹ä½›ç æ‰‹é“¾10...,äº¬ä¸œå•†åŸŽ,å¤§æª€ä¸–å®¶
1006001009,ç å®|æ—¶å°šé¥°å“|é¥°å“é…ä»¶,å¤šå‰ç±³ æ±½è½¦é’¥åŒ™æ‰£ é’¥åŒ™é“¾ è‘«èŠ¦è²”è²…é’¥åŒ™æ‰£ æž£æœ¨é›•åˆ»,æ‰€æœ‰åˆ†ç±»>å¤§å°å®¶ç”µã€åŽ¨ç”µã€æ±½è½¦>æ±½è½¦ç”Ÿæ´»>æ±½è½¦å†…é¥°>æŒ‚é¥°æ‘†é¥°>å¤šå‰ç±³>å¤šå‰ç±³ æ±½è½¦é’¥åŒ™æ‰£ ...,1å·åº—,å¤šå‰ç±³
1006001009,ç å®|æ—¶å°šé¥°å“|é¥°å“é…ä»¶,éŸµé¦™åŠ åäºŒæ˜Ÿåº§æ±½è½¦é¦™æ°´åº§ åŒå­åº§ 70ml,æ‰€æœ‰åˆ†ç±»>å¤§å°å®¶ç”µã€åŽ¨ç”µã€æ±½è½¦>æ±½è½¦ç”Ÿæ´»>æ±½è½¦å†…é¥°>è½¦ç”¨é¦™æ°´>éŸµé¦™åŠ>éŸµé¦™åŠ åäºŒæ˜Ÿåº§æ±½è½¦...,1å·åº—,éŸµé¦™åŠ
1006001009,ç å®|æ—¶å°šé¥°å“|é¥°å“é…ä»¶,çƒ­å–å¹´è´§æ›¼ä¸½ç¿ ç å® æœ¨è´¨æŒ‚ä»¶-åŽŸè‰²æ¡ƒæœ¨é¾™å¤´é’¥åŒ™æ‰£ äº”æ¬¾å¯é€‰ é¾™é’©,ç å®é¦–é¥°>æ—¶å°šé¥°å“>é¥°å“é…ä»¶>æ›¼ä¸½ç¿ ï¼ˆMany many treesï¼‰>çƒ­å–å¹´è´§æ›¼ä¸½ç¿ ç å® æœ¨è´¨æŒ‚ä»¶-åŽŸè‰²æ¡ƒæœ¨é¾™...,äº¬ä¸œå•†åŸŽ,æ›¼ä¸½ç¿ ç å®æ——èˆ°åº—
1006001009,ç å®|æ—¶å°šé¥°å“|é¥°å“é…ä»¶,å¤©ç„¶æœ¨é¥° ç²¾é›•æ©„æ¦„æ ¸æ‰‹ä¸²åå®¶åå…«ç½—æ±‰é¡»æ´¾æ©„æ¦„èƒ¡ç²¾é›•æ‰‹é“¾å—å·¥è‹å·¥ç²¾å“qsc53,ç å®é¦–é¥°>å¤©ç„¶æœ¨é¥°>å…¶ä»–>å¥‡çŽ©å°šå“>å¤©ç„¶æœ¨é¥° ç²¾é›•æ©„æ¦„æ ¸æ‰‹ä¸²åå®¶åå…«ç½—æ±‰é¡»æ´¾...,äº¬ä¸œå•†åŸŽ,å¥‡çŽ©å°šå“æ——èˆ°åº—
1006001009,ç å®|æ—¶å°šé¥°å“|é¥°å“é…ä»¶,çš‡å®¶èŽŽèŽŽRoyalSaSaéŸ©å›½æµè¡Œæ—¶å°šçƒ­å–æ¬¾é’›é’¢çœŸçš®æ‰‹çŽ¯æ‰‹é•¯-æ°¸æ’ä¹‹çˆ±,çš‡å®¶èŽŽèŽŽ>çš‡å®¶èŽŽèŽŽRoyalSaSaéŸ©å›½æµè¡Œæ—¶å°šçƒ­å–æ¬¾é’›é’¢çœŸçš®æ‰‹çŽ¯æ‰‹é•¯-æ°¸æ’ä¹‹çˆ±,å›½ç¾Žç”µå™¨ç½‘ä¸Šå•†åŸŽ,çš‡å®¶èŽŽèŽŽ
1006001009,ç å®|æ—¶å°šé¥°å“|é¥°å“é…ä»¶,ä¸€ç”Ÿä¸€æœ¨ å¤©ç„¶çº¢è±†æ‰æ‰‹æŠŠä»¶/æœ¨é›•å·¥è‰ºå“ é‡‘èŸ¾çŒ®å® æ‹›è´¢è¿›å®æŠŠçŽ©ä»¶,é’Ÿè¡¨é¦–é¥°>å·¥è‰ºç¤¼å“>ä¸€ç”Ÿä¸€æœ¨>ä¸€ç”Ÿä¸€æœ¨ å¤©ç„¶çº¢è±†æ‰æ‰‹æŠŠä»¶/æœ¨é›•å·¥è‰ºå“ é‡‘èŸ¾çŒ®å® æ‹›è´¢è¿›å®æŠŠçŽ©ä»¶,å›½ç¾Žç”µå™¨ç½‘ä¸Šå•†åŸŽ,ä¸€ç”Ÿä¸€æœ¨æ——èˆ°åº—
1006001009,ç å®|æ—¶å°šé¥°å“|é¥°å“é…ä»¶,ä¸€ç”Ÿä¸€æœ¨ å°å°¼èŠ±å¥‡æ¥ æ²‰é¦™æ‰‹æŠŠä»¶/å¤©ç„¶è™Žçš®æª€æŠŠçŽ©ä»¶/æœ¨é›•å·¥è‰ºç²¾å“ å¹³å®‰è‘«èŠ¦ ç¦ç¦„å®‰,é’Ÿè¡¨é¦–é¥°>å·¥è‰ºç¤¼å“>ä¸€ç”Ÿä¸€æœ¨>ä¸€ç”Ÿä¸€æœ¨ å°å°¼èŠ±å¥‡æ¥ æ²‰é¦™æ‰‹æŠŠä»¶/å¤©ç„¶è™Žçš®æª€æŠŠçŽ©ä»¶/æœ¨é›•å·¥è‰ºç²¾å“ å¹³å®‰è‘«èŠ¦ ç¦ç¦„å®‰,å›½ç¾Žç”µå™¨ç½‘ä¸Šå•†åŸŽ,ä¸€ç”Ÿä¸€æœ¨æ——èˆ°åº—
1006001009,ç å®|æ—¶å°šé¥°å“|é¥°å“é…ä»¶,éšçŸ³éšçŽ‰ ç²¾é›•çµèŠé¸Ÿæ‰‹æŠŠä»¶ é»„æ¨æœ¨é›•,é’Ÿè¡¨é¦–é¥°>æ—¶å°šé¥°å“>éšçŸ³éšçŽ‰>éšçŸ³éšçŽ‰ ç²¾é›•çµèŠé¸Ÿæ‰‹æŠŠä»¶ é»„æ¨æœ¨é›•,å›½ç¾Žç”µå™¨ç½‘ä¸Šå•†åŸŽ,éšçŸ³éšçŽ‰
1006001009,ç å®|æ—¶å°šé¥°å“|é¥°å“é…ä»¶,éšçŸ³éšçŽ‰ ç”Ÿè‚–é¾™ é²¤é±¼è·³é¾™é—¨2å¯¸æ‰‹æŠŠä»¶ ä»¿å¤é»„æ¨æœ¨é›•åˆ» èµ é€ç»³å­,é’Ÿè¡¨é¦–é¥°>æ—¶å°šé¥°å“>éšçŸ³éšçŽ‰>éšçŸ³éšçŽ‰ ç”Ÿè‚–é¾™ é²¤é±¼è·³é¾™é—¨2å¯¸æ‰‹æŠŠä»¶ ä»¿å¤é»„æ¨æœ¨é›•åˆ» èµ é€ç»³å­,å›½ç¾Žç”µå™¨ç½‘ä¸Šå•†åŸŽ,éšçŸ³éšçŽ‰
1006001009,ç å®|æ—¶å°šé¥°å“|é¥°å“é…ä»¶,éšçŸ³éšçŽ‰ è¾ˆè¾ˆå¯Œè´µ é•¿å¯¿é¾Ÿ é»„æ¨æœ¨é›•,é’Ÿè¡¨é¦–é¥°>æ—¶å°šé¥°å“>éšçŸ³éšçŽ‰>éšçŸ³éšçŽ‰ è¾ˆè¾ˆå¯Œè´µ é•¿å¯¿é¾Ÿ é»„æ¨æœ¨é›•,å›½ç¾Žç”µå™¨ç½‘ä¸Šå•†åŸŽ,éšçŸ³éšçŽ‰
1006001009,ç å®|æ—¶å°šé¥°å“|é¥°å“é…ä»¶,éšçŸ³éšçŽ‰ ç²¾é›•æ©„æ¦„æ ¸æ‰‹é“¾ è´¢ç¥žé€å®,é’Ÿè¡¨é¦–é¥°>æ—¶å°šé¥°å“>éšçŸ³éšçŽ‰>éšçŸ³éšçŽ‰ ç²¾é›•æ©„æ¦„æ ¸æ‰‹é“¾ è´¢ç¥žé€å®,å›½ç¾Žç”µå™¨ç½‘ä¸Šå•†åŸŽ,éšçŸ³éšçŽ‰
1006001009,ç å®|æ—¶å°šé¥°å“|é¥°å“é…ä»¶,éšçŸ³éšçŽ‰ ç²¾é›•æ©„æ¦„æ ¸æ‰‹é“¾ å…­æ£±ç´ æ ¸ï¼ˆæƒ…ä¾£æ¬¾ï¼‰,éšçŸ³éšçŽ‰>éšçŸ³éšçŽ‰ ç²¾é›•æ©„æ¦„æ ¸æ‰‹é“¾ å…­æ£±ç´ æ ¸ï¼ˆæƒ…ä¾£æ¬¾ï¼‰,å›½ç¾Žç”µå™¨ç½‘ä¸Šå•†åŸŽ,éšçŸ³éšçŽ‰
1006001009,ç å®|æ—¶å°šé¥°å“|é¥°å“é…ä»¶,éšçŸ³éšçŽ‰ æ©„æ¦„æ ¸æ‰‹ä¸² é…’å£¶ï¼ˆå¸¦ä½›å¤´ï¼‰,éšçŸ³éšçŽ‰>éšçŸ³éšçŽ‰ æ©„æ¦„æ ¸æ‰‹ä¸² é…’å£¶ï¼ˆå¸¦ä½›å¤´ï¼‰,å›½ç¾Žç”µå™¨ç½‘ä¸Šå•†åŸŽ,éšçŸ³éšçŽ‰
1006001009,ç å®|æ—¶å°šé¥°å“|é¥°å“é…ä»¶,éšçŸ³éšçŽ‰ æ³°å›½ä½›ç‰ŒéŽé‡‘åŠå  æŠ¤èº«ç¬¦-å¼¥å‹’ä½›,é’Ÿè¡¨é¦–é¥°>æ—¶å°šé¥°å“>éšçŸ³éšçŽ‰>éšçŸ³éšçŽ‰ æ³°å›½ä½›ç‰ŒéŽé‡‘åŠå  æŠ¤èº«ç¬¦-å¼¥å‹’ä½›,å›½ç¾Žç”µå™¨ç½‘ä¸Šå•†åŸŽ,éšçŸ³éšçŽ‰
1006001009,ç å®|æ—¶å°šé¥°å“|é¥°å“é…ä»¶,éšçŸ³éšçŽ‰ æ©„æ¦„æ ¸é›• è´¢ç¥žé€å®æ‰‹æœºé“¾,é’Ÿè¡¨é¦–é¥°>æ—¶å°šé¥°å“>éšçŸ³éšçŽ‰>éšçŸ³éšçŽ‰ æ©„æ¦„æ ¸é›• è´¢ç¥žé€å®æ‰‹æœºé“¾,å›½ç¾Žç”µå™¨ç½‘ä¸Šå•†åŸŽ,éšçŸ³éšçŽ‰
1006001009,ç å®|æ—¶å°šé¥°å“|é¥°å“é…ä»¶,éšçŸ³éšçŽ‰ å¤©ç„¶å…­ç“£é‡‘åˆšè©æå­æ‰‹é“¾ å•ç ç›´å¾„çº¦1.8cm. æ— è£‚æ— æ–­é½¿,éšçŸ³éšçŽ‰>éšçŸ³éšçŽ‰ å¤©ç„¶å…­ç“£é‡‘åˆšè©æå­æ‰‹é“¾ å•ç ç›´å¾„çº¦1.8cm. æ— è£‚æ— æ–­é½¿,å›½ç¾Žç”µå™¨ç½‘ä¸Šå•†åŸŽ,éšçŸ³éšçŽ‰
1006001009,ç å®|æ—¶å°šé¥°å“|é¥°å“é…ä»¶,éšçŸ³éšçŽ‰ æ‰‹å·¥ç²¾é›•å·´è¥¿è±¡ç‰™æžœ ç¦è¿è´¢ ç²¾å“ å—å·¥,é’Ÿè¡¨é¦–é¥°>æ—¶å°šé¥°å“>éšçŸ³éšçŽ‰>éšçŸ³éšçŽ‰ æ‰‹å·¥ç²¾é›•å·´è¥¿è±¡ç‰™æžœ ç¦è¿è´¢ ç²¾å“ å—å·¥,å›½ç¾Žç”µå™¨ç½‘ä¸Šå•†åŸŽ,éšçŸ³éšçŽ‰
1006001009,ç å®|æ—¶å°šé¥°å“|é¥°å“é…ä»¶,é‡‘é™µåäºŒé’— S925é“¶å¥³å£«é•¶å®çŸ³æ‰‹é•¯khqhb0002,é‡‘é™µåäºŒé’—>é‡‘é™µåäºŒé’— S925é“¶å¥³å£«é•¶å®çŸ³æ‰‹é•¯khqhb0002,å›½ç¾Žç”µå™¨ç½‘ä¸Šå•†åŸŽ,é‡‘é™µåäºŒé’—
1006001009,ç å®|æ—¶å°šé¥°å“|é¥°å“é…ä»¶,ä¸€ç”Ÿä¸€æœ¨/æžå“é‡‘ä¸æ¥ æœ¨(é˜´æ²‰æœ¨)æ‰‹ä¸²/18MMx13é¢—åƒå¹´ä¹Œæœ¨ä½›ç ,ä¸€ç”Ÿä¸€æœ¨>ä¸€ç”Ÿä¸€æœ¨/æžå“é‡‘ä¸æ¥ æœ¨(é˜´æ²‰æœ¨)æ‰‹ä¸²/18MMx13é¢—åƒå¹´ä¹Œæœ¨ä½›ç ,å›½ç¾Žç”µå™¨ç½‘ä¸Šå•†åŸŽ,ä¸€ç”Ÿä¸€æœ¨æ——èˆ°åº—
1006001009,ç å®|æ—¶å°šé¥°å“|é¥°å“é…ä»¶,PRADA(æ™®æ‹‰è¾¾) é»‘è‰²çš®è´¨ä¸¤ç”¨åŒ…BN1902,ç®±åŒ…å¥¢å“>å•è‚©åŒ…>PRADA>PRADA(æ™®æ‹‰è¾¾) é»‘è‰²çš®è´¨ä¸¤ç”¨åŒ…BN1902,å›½ç¾Žç”µå™¨ç½‘ä¸Šå•†åŸŽ,PRADA
1006001009,ç å®|æ—¶å°šé¥°å“|é¥°å“é…ä»¶,å…´æ¶¦é˜ å¼€å…‰é˜¿å¼¥é™€ä½›ä¹Œæœ¨é¡¹é“¾é¡¹å  å±žç‹—å±žçŒªæœ¬å‘½ä½›å®ˆæŠ¤ç¥ž,ç å®é¦–é¥°>æ—¶å°šé¥°å“>é¡¹é“¾>å…´æ¶¦é˜ å¼€å…‰é˜¿å¼¥é™€ä½›ä¹Œæœ¨é¡¹é“¾é¡¹å  å±žç‹—å±ž...,äº¬ä¸œå•†åŸŽ,é£Žè¡Œå”¯ç‰©
1006001009,ç å®|æ—¶å°šé¥°å“|é¥°å“é…ä»¶,é¸¿æœ¨æ–‹ é»„èŠ±æ¢¨çº¢æ²¹æ¢¨æ‰‹ä¸²20å…¨å“æµ·å—é»„èŠ±æ¢¨æœ¨é«˜å¯†åº¦ä½›ç æ‰‹é“¾å¿µç å­¤å“H1701 æ·±çº¢è‰²,ç å®é¦–é¥°>å¤©ç„¶æœ¨é¥°>é»„èŠ±æ¢¨>é¸¿æœ¨æ–‹>é¸¿æœ¨æ–‹ é»„èŠ±æ¢¨çº¢æ²¹æ¢¨æ‰‹ä¸²20å…¨å“æµ·å—é»„èŠ±...,äº¬ä¸œå•†åŸŽ,é¸¿æœ¨æ–‹
1006001009,ç å®|æ—¶å°šé¥°å“|é¥°å“é…ä»¶,é“æ ‘ç‰Œ å—æ¾³ç™¾å¹´æžå“æ´»è¡€æŸ³ç²¾é›•æ‹›è´¢è²”è²…è™è  æµ·æŸ³çƒŸå˜´ é•‡åº—ä¹‹å®,ç¤¼å“ç®±åŒ…>ç¤¼å“>ç«æœºçƒŸå…·>é“æ ‘ç‰Œ å—æ¾³ç™¾å¹´æžå“æ´»è¡€æŸ³ç²¾é›•æ‹›è´¢è²”è²…è™...,äº¬ä¸œå•†åŸŽ,ä¼Ÿç¥ºçƒŸå˜´ä¸“è¥åº—
1006001009,ç å®|æ—¶å°šé¥°å“|é¥°å“é…ä»¶,ç»³å¥‡æ ¸æ¡ƒçº¢ç»³æ‰‹é“¾æƒ…ä¾£æ‰‹é“¾,ç å®é¦–é¥°>æ—¶å°šé¥°å“>é¡¹é“¾>ç»³å¥‡>ç»³å¥‡æ ¸æ¡ƒçº¢ç»³æ‰‹é“¾æƒ…ä¾£æ‰‹é“¾,äº¬ä¸œå•†åŸŽ,ç»³å¥‡æ——èˆ°åº—
1006001009,ç å®|æ—¶å°šé¥°å“|é¥°å“é…ä»¶,å…­å“å ‚ æ­£å“ç«¯ç š æ¢…èŠ±å‘è€å‘å®‹å‘è‚‡åº†ç šå°-ç²¾é›•ç«¯ç š201308075,éŸ³ä¹>æ–‡å¨±å‘¨è¾¹>å¤çŽ©/æ”¶è—>å…­å“å ‚æ­£å“ç«¯ç šæ¢…èŠ±å‘è€å‘å®‹å‘è‚‡åº†ç šå°...,äº¬ä¸œå•†åŸŽ,null
1006001009,ç å®|æ—¶å°šé¥°å“|é¥°å“é…ä»¶,éšçŸ³éšçŽ‰ èŽ²èŽ²æœ‰é±¼ ï¼ˆå¸¦ä½›å¤´ï¼‰ ç²¾é›•æ©„æ¦„æ ¸æ‰‹ä¸²,éšçŸ³éšçŽ‰>éšçŸ³éšçŽ‰ èŽ²èŽ²æœ‰é±¼ ï¼ˆå¸¦ä½›å¤´ï¼‰ ç²¾é›•æ©„æ¦„æ ¸æ‰‹ä¸²,å›½ç¾Žç”µå™¨ç½‘ä¸Šå•†åŸŽ,éšçŸ³éšçŽ‰
1006001009,ç å®|æ—¶å°šé¥°å“|é¥°å“é…ä»¶,éšçŸ³éšçŽ‰ å’Œæ°”ç”Ÿè´¢ é»„æ¨æœ¨é›•,é’Ÿè¡¨é¦–é¥°>æ—¶å°šé¥°å“>éšçŸ³éšçŽ‰>éšçŸ³éšçŽ‰ å’Œæ°”ç”Ÿè´¢ é»„æ¨æœ¨é›•,å›½ç¾Žç”µå™¨ç½‘ä¸Šå•†åŸŽ,éšçŸ³éšçŽ‰
1006001009,ç å®|æ—¶å°šé¥°å“|é¥°å“é…ä»¶,ä¸€ç”Ÿä¸€æœ¨ é…¸æžæœ¨é•¶çº¯é“¶æ‰‹é“¾/8MMx108é¢—/ä¸€ç”Ÿå¹³å®‰ç¥¥äº‘å›¾æ¡ˆä½›ç æ‰‹ä¸²,ä¸€ç”Ÿä¸€æœ¨>ä¸€ç”Ÿä¸€æœ¨ é…¸æžæœ¨é•¶çº¯é“¶æ‰‹é“¾/8MMx108é¢—/ä¸€ç”Ÿå¹³å®‰ç¥¥äº‘å›¾æ¡ˆä½›ç æ‰‹ä¸²,å›½ç¾Žç”µå™¨ç½‘ä¸Šå•†åŸŽ,ä¸€ç”Ÿä¸€æœ¨
1006001009,ç å®|æ—¶å°šé¥°å“|é¥°å“é…ä»¶,ç»£èŠ±å¼  æ”¶è—çº§æ¸…å…‰ç»ªå¹´é—´äº”å“ç™½é¹‡å®˜è¡¥54*52å¤šè‰²ç»£å“*å®˜è¡¥ç³»åˆ—092010219GX,é¦–é¡µ>å®¶å±…>åŽ¨æˆ¿ç”¨å“>çƒ¹é¥ªé”…å…·,é“¶æ³°ç½‘,ZHANGâ€™S TEXTILES1006001010
